beta1	beta2
296.4249668754846	-3.104326884455668
284.72654280528826	-2.341446315265068
201.71120897505764	-0.7395443597311738
237.4837376596345	-1.1884103160698232
156.48639732642644	1.2119816017665874
246.9788871303022	-1.8241969115007435
338.62408133859947	-3.68746674083138
226.28680599410316	-0.7830560693668908
283.89474046529534	-2.3327396480950977
339.54996053053605	-3.9847586786747033
253.43264205670286	-1.7143719312299446
323.7032769651848	-3.6012804299994783
200.64195327291154	-0.38118152509735437
201.4991081288215	-0.5099237696660068
206.22661447136454	-0.40816058165671143
302.92572051087024	-3.077862840730581
268.82182144733963	-1.9950639245429234
279.10087560708826	-2.153768057596064
372.0785452106802	-4.724571507700245
270.89787493438826	-2.1058655796053527
277.16365508216643	-2.2388934931963296
364.51470645807143	-4.621030230320774
120.95843042744994	1.626853497471069
212.70254602471076	-0.7079085695749749
350.64043688918383	-4.361211397754392
188.969212999193	-0.09756977952749091
269.5694487930927	-2.1588416910282886
286.0434296621389	-2.4917416884927226
279.05662114824287	-2.5826765345447935
248.2617184544016	-1.6891750659321747
316.91722461200817	-3.43943008357415
295.2318408504279	-2.960686694023843
273.16091288776227	-2.3766662833553105
221.35815256650818	-1.0089130184815762
281.33429052185187	-2.1735434233106057
225.3152511256798	-0.9861278628589033
275.2273818464817	-2.370211016920452
374.2279515659115	-5.396279995014174
262.2980041418095	-1.9907812218070946
279.9695232701392	-2.4447918697860813
237.95932018000417	-1.4305395924385915
273.3180630493882	-2.381188026804974
217.66691994601018	-0.7374049686830791
250.70061083144154	-1.5084502800351556
243.2950749126947	-1.1125300439945474
295.30446404962265	-2.600515038203477
287.1597831082797	-2.537621421094501
250.28333541296806	-1.8628798883723927
309.82401520549257	-3.10412196451488
184.51695388546136	0.15084636518227912
283.55099718474384	-2.310373103890064
316.9169326160571	-3.3012697125249417
287.9220920038846	-2.437150697245419
252.6304019805997	-1.5154479017951292
331.3384996503249	-3.79457608648495
256.3513046690833	-1.7307553066224226
200.79965143317332	-0.44316062751750795
310.57229308864055	-3.289926120838645
213.30387068376643	-0.7849086808299144
279.6069871300401	-2.448285901408288
242.74873338075963	-1.4751491700380392
320.156168067372	-3.577440662605423
290.5100970795107	-2.625902180207551
332.4595593186336	-3.967655580359968
359.1730572687789	-4.693942622479735
338.5359911256241	-4.662503031826435
220.81569233732958	-0.8101305495187724
312.79385081954865	-3.221548895711062
247.2444307991275	-1.561569273016318
219.58022208573885	-0.39561351713427984
159.10107726962772	0.5751018402616168
252.3785703073203	-1.5732195609565112
311.69766344999925	-3.202918040316596
358.0574122057838	-4.4952185715196284
284.18693643723276	-2.514016589842423
334.56900738318717	-3.9977790805870432
437.0550979436371	-6.725067534378044
421.5553699809327	-6.262740045820067
251.5666621529628	-1.7682978212810592
235.95542036484684	-0.946628209951782
360.5514933942055	-6.071576748920797
314.0726319577447	-3.3009644332460737
220.83398129188396	-1.0203975594752648
253.67868437285082	-1.694860182623636
249.22160983652276	-2.1931155669845235
278.4201773053222	-2.6159328814647513
343.0692100931394	-4.577897324961457
360.4297970200183	-4.603755149560884
232.59741814190917	-0.9743283162245977
301.04204980820754	-2.813122643812107
288.8741461611233	-2.370700862320108
327.6554797465158	-3.5919826064559546
244.25631452671254	-1.4179718790053129
300.18077444238315	-2.7486610609943924
275.73794752682545	-2.285585650466072
290.1573188059675	-2.8627992629131214
293.03173227090303	-2.8002767204311785
279.2767031501828	-2.142384516882684
215.96102513184485	-0.47229176884148594
405.6560341321194	-6.215440519980384
288.6748983663822	-3.1545096164406203
1035.4536852217964	-27.092213767200825
301.6251229411535	-2.5306914219362935
426.4720012867202	-6.184584244722781
337.35646781098285	-3.694020965752402
433.0108990933174	-6.466487366226595
397.3234188631874	-5.999936164826221
278.38862534092135	-2.3104844688962145
278.5620631046309	-2.6095974700050526
238.80818455273436	-1.1852284364746615
204.36562610571633	-0.3311285719506628
241.41624919967427	-0.9311997476498941
330.89664969637283	-3.803704522433293
284.6975613697645	-2.848784803378809
194.29945412031304	0.0010493427082398257
262.3821027874781	-1.88384336766678
307.21108929349134	-3.5967668637752497
282.4703896715864	-2.438503738195887
342.5456994223459	-4.1161948604436
249.65704638163734	-1.5874492491403505
163.32638710670116	0.9284534958914212
303.92987308168824	-3.264965697495547
293.98388916412154	-2.6323246399623708
175.7800509247103	0.17955599237140266
226.82362527821715	-0.7758303670861759
248.70240379500927	-1.5098943291556117
301.2244552787859	-2.7784863796637342
209.39964295451094	-0.5265918988022622
258.2511570952388	-2.2856224118043023
316.366647946509	-3.3645388802494822
228.98724213836024	-0.6694622198909118
391.44723368384183	-5.618470029157654
406.457474714068	-6.239961472678981
258.06944001918885	-1.9018227571788808
322.8574000153782	-3.519695735944847
234.7603007637471	-1.2432783907669995
274.9773230934251	-2.031254431828742
251.1060049568124	-1.6366850942900575
315.9235707478943	-3.56893228960181
306.9329859630128	-3.4107218577505614
247.24141615883036	-1.4158639311428363
317.6283474264032	-3.5159152113316225
384.6424682616164	-5.329811966159982
246.06939514365473	-1.584490593907407
315.31377949740846	-2.996634593757292
279.8013085404471	-2.2781198299448473
305.43771350516516	-3.0592629594840774
250.8854267243159	-1.4682178245819488
184.88361389836248	0.12664665744336792
283.9688261238957	-2.603050425205674
251.30511951634986	-1.7939757760842083
239.33693191107238	-1.2983802559120858
323.35769692184266	-3.571821385432227
260.4784098575539	-1.7018569292070593
240.15236807386643	-0.7239474221326461
388.4155707549692	-5.789008107863364
231.75543008817198	-0.9785617484305139
376.4498200140979	-4.968171629039372
238.2470766128205	-1.2848425477762617
174.28573248745587	0.49152948424222986
110.56331632462765	2.5084620478537287
196.8148742513167	-0.2814610197046848
278.92753593331355	-2.313943725800017
315.74108088157834	-3.1224332333048874
225.3569266750116	-0.8150985509363464
316.11870854285684	-3.6554121065706116
225.259376480529	-0.8162440387204748
253.20451822885528	-1.6987838628156742
321.0879809565608	-3.4839604054126876
307.55508320687915	-3.3778858441849424
256.9660602922725	-1.8505550522322751
143.846514748701	1.353229696489423
312.18570248744476	-3.2599999496685528
283.3984553929782	-2.5344471013602643
251.6957677898154	-1.4687636715941392
244.35425817107475	-1.443825464408585
263.24366712656837	-1.9863439251126191
421.88080290337757	-6.435823846682786
537.433055088204	-9.400198272488083
311.17415132236664	-3.0740405976091996
249.5554064266753	-0.9816882329216834
282.81647381466166	-2.363526081458518
279.6587231863286	-2.6209775937084223
129.96770711555024	1.8504358250092727
296.5927602537791	-2.730680440085263
233.48464819960577	-1.2131587451750803
286.318832716899	-2.598851072270581
259.8594469425161	-2.143750951711444
251.28347388635984	-1.443860224317082
238.43982511899407	-1.3186816426883092
289.3409701861122	-2.7693717407366125
279.85314012858464	-2.7179268312971585
294.6142110108852	-2.540671917852986
288.65018817004545	-2.593484928600251
323.5072208604437	-3.16101146111208
318.2985315566013	-3.8468244910419886
239.33672950589403	-1.0171803181640067
158.32388832681178	0.8726102709453215
292.9837279262051	-2.6306630900387042
223.71202109131846	-1.0259571850771323
204.6348028752173	-0.4846759120171492
250.87592630849198	-1.7287786278416566
232.649159059833	-0.6945513864446743
237.3714266883371	-1.4487771614028753
385.13208103481907	-5.382508941830823
322.54278950336015	-3.7707123627200527
231.37910246379963	-0.8347676216361221
266.41791980879935	-1.8665650620962964
132.06417669718078	1.3893260286868208
271.33054173257693	-2.248715504264256
274.304674838098	-2.652923322953718
346.5324434765236	-4.090281148020189
215.19641708794393	-0.8219085704951418
298.9665340100783	-2.836228860383826
359.2773112569494	-4.780799873877703
321.03631346578175	-3.1687419394997436
271.7774716428108	-2.2748488660401103
315.4377199222204	-3.3643162934527977
131.88418380824376	1.610213588526539
236.8065538551732	-1.3677010358194035
322.34175719715944	-3.368080053090415
163.74692035611764	0.45470289531520647
341.4266819640249	-4.050961898449343
267.9997328284342	-2.1218891269656837
350.7353483171752	-4.645383328157488
297.2043239138163	-3.0016601905365152
302.6133904140596	-3.1817883765180155
254.53970051459729	-1.4922974310343413
420.17558694110545	-6.046312314410898
709.5586138047595	-14.18871599171552
261.5439674993153	-1.7530174490250034
193.70733850516646	0.10763020697564106
303.625692546488	-3.3782536457155214
290.38139392200804	-2.9083120034738474
266.5874603560059	-2.11811180813379
297.4877553148649	-2.802708738435235
218.7912814704697	-0.7474558764586224
194.98316413714502	-0.05642482624533606
184.55992501477098	0.33606706286600774
378.21514674070505	-5.001511562832113
223.41037787928212	-0.9325820101444755
102.0599214602267	2.6316682060547336
150.85108452267582	1.4304373058790525
299.16027545478374	-2.9453709206220378
257.0756503819044	-1.84456480389909
194.4111335054848	0.13075723272850354
239.99021383140672	-1.1170124684158427
307.16941142232895	-3.074680942804476
129.7143765719315	1.4403695614485768
233.06334853385178	-0.9821535058188812
305.56060377596054	-3.21841913984763
253.80539174718288	-1.5922474252771854
239.08585200760822	-1.2291547767206759
258.0065534662434	-1.6214782042252383
282.7515723698991	-2.193458568943343
355.5929685903465	-4.407988472943381
242.6922554129833	-0.959365778998855
1047.159149635312	-24.287102152117463
233.4498026880323	-0.7056257202703565
328.6661078488738	-3.7821503196315813
175.90285908702597	0.5300638649695929
286.8790607927592	-2.590045742080045
224.61357133555344	-0.7421792002364186
206.61194338475056	-0.4324199839585562
258.0623173812695	-1.5409991889723902
351.05449373213406	-4.070608058625014
229.179111095611	-0.8108996885019154
194.37244360116148	0.14460950070187606
252.83231630353077	-1.2427791168115423
295.1692822385573	-3.2760068734056818
233.85362345996106	-1.4899380735830916
204.67381660507198	-0.2400498726350234
403.7195317804978	-6.008533223950135
307.22557400265543	-2.859380944606749
122.72619883513791	1.7610895885246116
294.0180738704721	-2.847404858293362
387.34978677909794	-5.582980534742616
233.69020082442478	-1.1358557848777733
245.57268563520736	-1.2273257638588964
152.7636431195012	1.1387008342587086
314.5554730107525	-3.4286904176733923
310.10759210499384	-3.196415798661013
286.271990574973	-2.8320201776926868
333.2551397795067	-3.6322899579686965
229.04697658859564	-0.8995321884273704
168.32269173096645	0.5864834823129784
286.8109792812164	-2.268584291775262
243.62629792132154	-1.4318447015446363
372.41747440260247	-5.296569273877973
195.70776489381257	-0.07485342887066077
188.30464909762887	0.30483615188003177
355.67502962641754	-4.944168645196852
307.01546831549257	-3.4586157461325575
322.4632400343554	-3.5253055586230033
204.3070488236556	-0.365110192072122
240.25483358051736	-0.9779250412732733
209.59817693950833	-0.5786559672024203
341.3189771158367	-5.0967986163694565
228.43436614128723	-0.8247210354674379
331.221994722404	-3.6299237228212853
405.69194085378126	-5.938206776807459
364.4108623419272	-4.5425308178337795
83.80883626481953	3.742206670267755
146.50245621143927	1.1756823279687865
340.07862641392524	-4.068499440814883
232.27856278128135	-1.0040837445911581
341.4727386265426	-4.075357361862279
226.35261645471792	-0.7482259737171121
267.68684902048966	-1.6259802773612775
325.2174261653213	-3.699088340507549
238.55488143710875	-1.0950813688368013
329.7260226723756	-3.7319461278268036
407.4732965014013	-5.8789327416622505
251.9864005324613	-1.481877188885743
359.0294026019126	-4.647749913122084
203.97810534893395	-0.15697275799356147
352.9737220839391	-4.581858575389538
240.2835627051605	-1.1370344208810714
221.60280803775515	-0.5681719128032394
274.68210105740116	-2.1599709310536896
349.13571965118155	-4.204705085624623
231.99638401895055	-0.8994860448089365
317.4150510742695	-3.479635376494973
236.06900459267598	-1.1028848117094614
328.3692478236654	-3.8367194388909502
144.78155908749451	1.1612037972140266
324.1423947238366	-3.668726333600834
255.12585746336603	-1.3814241786908699
339.9605576140841	-4.0484448294522295
180.73578799738803	0.3631531274285453
349.76061293930024	-4.234363759986925
384.9174989808719	-5.492652323080023
272.5569550543325	-2.201722069646229
361.302019980018	-4.973178486497207
293.368770953373	-2.658512404340364
1079.6732136739015	-24.71793608532856
317.4533497478095	-3.5724438791190263
269.27368429054985	-2.052853091116256
250.41922693514928	-1.8145923336118253
251.13214806631794	-1.4059059292090628
229.9921761264025	-0.9597733885861897
214.56706153653764	-0.2816758360203403
100.65446799556062	2.351589566789319
373.6591212358448	-4.8261102472032125
338.65296255997634	-3.8875224766323737
341.4879453776483	-4.388848052041423
265.0011289648366	-1.9475484503112015
344.14871623744193	-4.126351055003217
355.3847175353895	-4.136209547367657
266.5137580318997	-2.1395043108182734
169.70412249974228	0.7906570605868891
196.20197723277616	0.1558775613363395
248.2490690125389	-1.123891022969738
286.39785043513393	-2.699139058336374
289.3822867404628	-2.2356263372818983
297.4730731689722	-2.7860458603868152
213.25281973692697	-0.3467840945101001
340.52047524521856	-3.874532504785552
297.45513109334627	-3.1485493431356946
420.3142904211587	-6.976545218147926
298.3237851126116	-2.620117731737428
280.4131574709738	-2.5286262858973094
340.3179071312955	-3.9549861730764655
279.39487325122377	-2.2323448368343133
250.73944706662877	-1.7027077544913218
202.16540534135675	-0.1957117204369445
246.0472146011729	-1.086719315170639
290.8627574209708	-2.867746539319638
298.5332745754345	-2.6395111743212643
301.91696883344986	-2.8262176178980067
325.18205172287725	-3.7052088474149127
188.0526015018275	-0.034062376133691494
328.3690431137831	-3.536317621651339
298.82075172682295	-3.1428898514257444
269.8414690484953	-1.9009105805085362
319.56515319598225	-3.7108679082734954
374.06654266682693	-5.668724900726281
296.78155102398296	-3.136163256845687
258.8192104507476	-1.7676246519978969
268.78669858927594	-2.1992095618060272
215.34946612089914	-0.8393736349869276
175.5759789584928	0.4846249602077486
164.53067861477362	0.8077392383967539
343.42301869176254	-4.18151597705306
322.6764691875378	-3.737015861591966
294.2113512350991	-2.846917651140688
258.23354946895273	-1.9908618313944015
249.4383082147028	-1.6644620097546088
362.22053231846826	-4.37978296451358
392.2614194553406	-5.930526699982051
283.33720144563245	-2.4193501561427593
281.3062619318257	-2.738165816861929
214.96509321490754	-0.8203396244700085
306.10471355883425	-2.7390224265328413
307.21997777453555	-3.2794196041806565
264.94161894584096	-1.8476275172016516
252.16106051276049	-1.5677207267769362
381.9289309706006	-5.808579252460551
204.72436040653776	-0.24672401321436302
288.44999867923246	-2.496766254845385
280.494834045854	-2.2985099327457443
330.7924774673534	-3.667417646868515
187.0766924220064	-0.02525923611850412
131.17057523899035	1.6133502331658784
155.47246885782928	0.9306854141232213
324.1539672757204	-3.3434529831736457
310.3298302913148	-3.4311881965641717
311.1447107788259	-3.135952889967697
244.33658912137477	-1.213153967146242
320.3291898465702	-3.804844053447447
212.7204209929078	-0.8080090365635242
342.2214833016561	-4.041550428126291
236.56417220980745	-1.1977964116258653
231.20447449326753	-0.6811842695634738
311.5976206948255	-2.9346464178676843
193.02858989554193	0.20102300615946525
337.7288255580005	-3.8095059317851754
252.58924781333627	-1.4272106166799094
248.42516531268308	-1.6873763527220045
257.46417395680356	-1.4542323658481096
345.35239120671906	-4.070782030249795
75.99288833239062	3.134530740519227
312.3991350089594	-3.5115001443026626
214.21891961607912	-0.4356064881724142
257.9768746945544	-1.6423657164807197
339.71872397117886	-4.127942147920638
298.67430248292055	-2.504978368753058
179.26882141852158	0.3324446481468595
344.6588517972792	-4.292305023673634
272.78509179867183	-1.8081305059609962
400.3106213532442	-5.975124840808803
180.14252577057945	0.5654956409711039
258.7262203338747	-1.6480555605456848
337.1868994352184	-3.7388644818398924
393.4020499333467	-5.332099880254636
317.65322136248113	-3.529475968679292
317.8448931617279	-3.2402902856356213
216.58984695311108	-0.6115911944997162
289.92033972322633	-2.5272483684329456
164.55580207488813	0.6300546416830052
315.20425905408206	-3.14812123209161
331.76840983873313	-3.804593808630235
309.1431230198205	-3.7026536041041815
339.8553317245206	-4.252721757944485
301.89771458376237	-3.0312521037024616
236.1108330441625	-1.0264281430109397
267.2709164307913	-2.1678552062448944
421.5053893016191	-6.844895491691741
288.8062662321067	-2.374916163902584
160.93799247971242	0.8995633615645896
254.71755461087338	-1.454872579366021
318.4856700322128	-3.3950696813553267
240.7995602580784	-1.0272107976254115
253.15767161606954	-1.3391926595432533
337.79869383650004	-3.387121310425607
266.37503458094	-2.0254008343229315
335.5747723220725	-4.254037077126998
347.7162721038423	-4.02335448884873
352.4006107920483	-4.465462729399916
301.9730164575915	-3.3617966301497426
310.5535241286122	-2.9424808338636037
196.55707013247394	-0.28704302640651724
310.4080842800783	-3.1648947808272863
356.96086197805255	-4.234756714254062
194.86194285181676	0.38416770505031655
547.0990649053552	-11.261665878478201
224.0548603855991	-1.130566066569488
385.3338616584492	-5.13293067045709
278.1570650598265	-2.4409791398054717
263.6804155637013	-1.9994572130855994
245.53474515507517	-1.605830988821926
200.06332215947268	-0.2073197657306829
275.70195262084076	-1.8422574487751264
211.25863808094695	-0.8535545701176948
267.82555545552066	-1.9191443621346282
294.78796048022303	-2.81901910499877
287.553287752111	-3.1515449297291633
246.00685234305396	-0.99099917123347
259.43191019670206	-2.2994966902928486
271.57945764421254	-2.177252913579511
216.86045524716175	-0.8927231808638235
213.99846551621903	-0.4985049897460526
295.1877093312261	-3.0036983471989376
262.5416016585254	-1.727467302315276
201.92268435109943	-0.18007660462406877
259.1686493310665	-2.1771271509966548
487.9509683462204	-8.268136136613148
407.4048789019083	-6.0308725198667945
260.3313091427998	-1.8354028294945777
249.14914504388724	-1.5883908455114648
255.09290336511353	-1.358415732271515
267.2920409092786	-2.2805317718852125
262.7322859064866	-1.8876654187842856
345.3543407033284	-4.059205532981203
325.4713002882374	-4.004948497925928
277.5193366718787	-1.9424109136705832
308.01843203440205	-4.13099209250524
271.72757166400237	-2.1207666907565543
215.80830250049303	-0.6080853048854836
241.82620090605417	-1.3470226155463187
220.84285824728732	-0.836434303416995
214.94678543204995	-0.577523199253251
229.91720702566204	-0.9183349246309842
298.6037252159281	-2.7567385110184968
261.75436183387166	-2.0087914564890763
342.87351411084427	-4.081208723226203
315.19932254597455	-3.0966592875408008
219.73580815903995	-0.815179262675926
241.04362008217453	-1.2550184063435983
293.72321427086536	-2.593768818313628
208.26612624718106	-0.10686986111205646
386.5049558316062	-5.534085572400957
343.80704904171046	-4.4094211419780045
325.1130655037361	-3.892788346536239
195.85729995524312	0.012463931195008153
240.98991407529525	-1.3509445819344137
160.4870583579838	0.89633776378764
244.01153513116216	-1.5575194240620687
305.37592439394143	-3.244579408380272
247.0682704407637	-1.3638674379304019
298.90046840128514	-2.648458984166641
250.27375801633167	-1.6982818840893228
343.2813751333234	-4.196757480340722
275.8032983519249	-2.1353364834104855
359.74746320707703	-5.042091985701983
216.6988625747294	-0.37736376280104444
242.56525462926575	-1.3917016686354897
505.07046666827193	-8.459237718397532
225.26738964917777	-1.0117657053146714
294.42804755169595	-2.598352008807474
344.9214803545696	-4.152722877505264
214.30543535148774	-0.35642594064995325
250.43992716838642	-1.639501520509849
338.14983503798186	-3.637574024346728
230.7553113582097	-1.1961610846668365
216.68021189526115	-0.4872972143540731
283.1412999789807	-2.475683472371376
298.2030223946848	-2.8987297510697623
288.93634263513053	-3.204534856293651
254.11351752461437	-1.5418197073449862
282.03588636920756	-2.6949222416948353
343.4151241493764	-4.370308667236079
328.49701246264414	-4.068050095109139
276.63799472602864	-2.300666125769074
165.40763458828476	0.6846697909717527
230.25766586421938	-1.034609366253627
277.330464236105	-2.4123163113011445
249.4841724889156	-1.3699690351666387
302.0756772883097	-2.9750141949880557
420.51342218726273	-6.395641195912619
310.0663794917784	-3.3541913770476057
185.1935026047341	0.050183203780850325
185.91992272677552	-0.3371939191420704
410.41599592425774	-6.050211710261093
238.23237134543885	-1.3026079846530856
381.5885948905827	-5.617942550224307
220.35739432588886	-0.903583910951701
302.1060468294175	-3.25101702478041
324.01608101677743	-3.857617292207589
178.05975648490232	0.39369214995871327
186.97088941509995	0.5188745490238236
357.2419578558973	-4.111200475605692
295.4337574260628	-2.8449899619817405
329.2242717706177	-3.8529823673863066
246.16710756706033	-1.4577395944617249
431.5144168594218	-6.247834136025507
244.6512717083376	-1.3839567807549975
263.8505884763016	-1.7104292587849323
228.1797350081821	-1.1480794341840634
241.63174696999369	-1.1558901032521673
291.4580902393618	-2.7462350584765938
240.89103115852035	-1.206765782545005
162.19326931002115	0.8759140605421493
311.2612524330709	-2.9353206661676623
155.96957244838543	0.9293579080377015
331.89338631346766	-3.2156032778774866
302.1775811386544	-3.1370438931805196
211.41034487675248	-0.263374759198104
268.00801803774687	-2.1840731301973153
316.69335740050445	-3.087628957294887
182.0795550648549	0.350555037514335
242.59385659442785	-1.2620468584046003
318.6188117919972	-3.1587055900386027
295.2244590012518	-2.768453782133707
357.31321149821974	-4.749475937550426
1080.023071062551	-24.53491447406375
220.2550379914903	-0.8564945628826846
297.71378443409685	-2.8647518771177807
279.0313460796442	-2.3025266673070726
232.00016013565167	-1.0825079908211894
218.8143359047351	-0.3163075782607704
253.22994029802513	-2.2866575144707504
247.35598976247633	-1.7281743754258
253.8985004495015	-1.102153142680534
258.5312248316409	-1.7896446805396151
231.68441273223272	-1.1762548508570003
335.03339201261485	-3.6501670347349497
278.53102249751004	-2.3478233431339013
327.2639226944898	-3.4205259376814943
325.3336011081357	-3.0373132866150407
207.8012639057936	-0.589531942789013
273.6486552075824	-2.2572281274438137
222.58903393977627	-0.8490598426991736
303.2532703784774	-2.6773470633084844
171.34351593311817	0.5842730160740255
336.13974711898175	-3.8961165135294213
345.07358850223636	-4.137739782708607
264.45803518803046	-1.930855039860229
283.2151793010141	-2.637911398695272
224.86099272304693	-0.5276889435436378
264.1637894168701	-1.8748893074219177
183.84441761265495	0.05739810154082981
227.0641626668271	-0.6918082945644295
232.32705640674814	-0.6449536949018144
201.65132230239738	-0.3230753321737004
300.69021577334445	-2.7811784139100335
324.65474966231426	-3.699549163003513
240.53012093993317	-1.267667930489969
247.47717969314277	-1.6243778213254463
69.57223703241647	3.1680770127562146
222.45260642343857	-0.8475108903291795
226.73429846036166	-1.0022933942826973
276.40124467480996	-1.9399922859377645
211.83503754349636	-0.40565820103183775
184.88507062864727	0.37487670018008634
304.39523229461827	-2.9855369885786005
285.9750354499743	-2.5305492868641513
146.27958695097885	1.3875380017296899
393.464642020123	-5.396090885572045
344.6295951903227	-4.408981883901893
234.61531603900374	-1.1045141849659743
187.54335821285534	-0.18227432104800112
301.6775220203713	-3.541842221660609
191.23719646870245	-0.2384218286065051
1081.1227657683523	-24.280056544326175
201.38752692284234	-0.29053242247283845
361.3187293904889	-5.383380950050228
299.4358983748973	-2.586501986411427
299.6617001429973	-2.8640666190423967
282.38749084702783	-2.6321859792541322
330.6050865834846	-4.665639516720088
338.18826834567795	-3.8719812069261286
358.57569698593596	-4.49621726619498
258.93726791649436	-1.7592377501077623
255.67376021967837	-1.3763764120614417
266.96865572120356	-1.9249732531984032
290.35667513518473	-2.7099950844880976
289.7994169271599	-2.6237329701777914
192.79654122945186	-0.1632312901798111
214.99671753438793	-0.4320930622640609
234.0661545020836	-1.3098736102231947
197.34600681524503	-0.0781355225908706
239.172555812748	-1.2875965544603265
352.8148929043579	-5.075874734192005
280.3109820082842	-2.4037808662191273
239.85466337526302	-1.5019485596370006
265.11264695226083	-1.8603691289574797
213.29814052759022	-0.6222637331160016
221.18184072538403	-0.7733921701542954
242.3405169727195	-1.3907819566719004
315.3071816685923	-3.4998914292241947
321.76773343701984	-3.6110820936054515
263.93785137651105	-2.0069819696539435
294.17330555313623	-2.6017077234635333
61.332215563793916	3.8401519818621717
278.15234851794884	-2.4634858489376676
262.32385208637226	-1.407746576724418
227.53093342408147	-0.9794969184891898
283.33913477395777	-2.0690768786709914
186.87836069893748	0.11595055671743225
217.19570509101595	-0.7647409069966933
359.4341724130612	-4.474745548716519
294.04851219347796	-3.0648111932941347
163.4558006811089	0.9150879757603901
286.95271583508134	-2.383159585885706
342.8613730838226	-4.220381362118872
308.9677048871254	-3.0327678865119343
291.3980562197186	-2.8269073801841933
436.13900336438775	-7.011497224826484
272.71884743954485	-2.2270501964143867
194.91685888739386	-0.12356123392908751
341.084189554579	-3.8069955897755476
69.04648608729308	3.6984601706051476
341.94686443957556	-4.1412540753404645
193.7548911259559	-0.3406999902509279
150.85528606273772	0.8512354645971733
268.25021050485765	-1.9474202396851803
282.9469442925695	-2.5852779966180597
308.7546125415212	-3.2162305822655712
326.32206430419217	-3.899474295061831
297.6008916077409	-2.905538336431912
257.7488747285315	-1.8831006656925084
198.64200793767543	-0.271180958201506
239.11745192065496	-1.358936150171132
306.95913383279566	-2.9602553484257332
249.6185544256992	-1.4385296827020004
378.43502429631684	-4.871118585928173
301.70609105760974	-2.620486604653837
410.4471904256751	-5.834913957560506
290.48980592338216	-2.64739619683865
204.55792585833447	-0.2131197160105575
308.75672778209037	-3.137196579522627
211.1489901252897	-0.21923568816377087
260.9480850492181	-1.7805138070119149
323.7369201941904	-3.3405049074266366
243.8144998006162	-1.3258114068057658
237.3666461571738	-0.9722290755906929
98.18380494458032	2.836255932320862
288.3389573180897	-2.32366599535276
417.7610250431662	-6.424739868753873
249.90763992739966	-1.5782665276317276
284.23819100553123	-2.6861976813502904
186.8191357180005	0.4227839795949445
346.2968207418531	-4.435782454617507
288.48414016488204	-2.434346052829957
416.7600411005629	-5.998691221384404
226.4457214920642	-1.1204297056056747
51.67709137865096	3.602988904890509
261.9394089088934	-1.901960948704523
712.5385621339158	-14.202018990812068
314.76488531077626	-3.662765063399284
189.2165063640714	0.13430698716248074
209.9838470362688	-0.26046022648365313
306.6079231840831	-2.9732993799669445
223.0422333392303	-0.6468913492959437
249.87733512861502	-1.5697338106119565
223.59097237992316	-0.6942185167289466
234.39115208465773	-0.9478557305732404
335.59443520270884	-3.681511476896578
179.4246252177715	0.3879139090286494
378.2242935483948	-5.473862041345269
281.1259720189043	-2.3417591707608003
211.67236821506444	-0.45380047071018476
188.85075568834387	0.1546506759117827
244.78847611747273	-1.2475100578361735
243.05053031260255	-1.2384287272466112
388.9070074430804	-5.897937855127514
243.52382830616068	-1.2931225193525338
220.3852261711092	-0.8863549786538153
337.1857195086968	-4.140669642856221
237.40042977543402	-1.2651358852875392
299.73412501283934	-3.0346327630715497
266.8780496545002	-2.265685330076764
265.252122003124	-2.0300751645043045
453.16579207107435	-7.363230996186549
240.60203469103124	-1.2487714370738405
289.57860319624376	-2.5735946718234106
353.89499579237855	-4.410951777579675
285.13833709674316	-2.304715220212548
279.5656129933208	-2.463485636258697
241.70830277071906	-1.2862144895058116
230.14302974307768	-1.1017074712374058
313.3198994949152	-3.316495401775976
237.2820940253554	-0.9384450336988515
341.6082547009269	-4.630619631174856
265.80623434274673	-1.905994829624305
314.189576258612	-3.23997430069237
340.8976964184224	-4.074355990489041
340.1976618323423	-3.7638896747192967
214.6620854216666	-0.6427001115200393
172.39962687032246	0.4983787465360897
315.2244018795965	-3.3896921450371957
314.10820205494286	-3.010855222592719
201.07931215577446	-0.27074529058296953
285.23094370999473	-2.5889873713591496
256.9388974995425	-1.6536343490700258
237.22847788674176	-1.3280343797535956
250.1654296700985	-1.4724841241820157
301.69860635093204	-2.6195336737091237
220.14250429347064	-0.45722063680075614
205.72091080346829	-0.22337766551806007
264.3811968913068	-1.7991010659773528
262.0859218583403	-1.5166028133127503
251.9777047839633	-1.270397062655706
330.3880782015168	-4.129421734209961
208.86305063126542	-0.628244749463911
429.8972589531625	-6.384007628763251
260.56247053250524	-1.7494410728837722
343.8135306648447	-4.066723350912372
191.42748201128612	0.21996848097767893
218.97718560271502	-0.6567568279375059
283.7086420491244	-2.4645962318878634
285.0603870131573	-2.2112621566395756
270.1660970774829	-2.0515728963957427
306.08195383249296	-2.8146468884617937
256.25736638641547	-1.6265959663745664
156.39717057890795	1.4280918853979494
264.1612515756756	-1.8920134341500081
164.12280757555303	0.5716027435332637
158.53232596584093	1.211060844803902
210.74831137918716	-0.7464159527916959
239.10701871916186	-1.3515544512289837
149.52036411649078	1.2409306906463906
216.7150731254614	-0.6789203206743069
246.820933929092	-1.5787518023228997
392.2786361840497	-5.575584883271871
457.6641842995941	-7.69907570778823
262.45694221321907	-1.89824512571759
212.67098613298833	-0.3726131034442682
277.8919017737374	-2.7621856246770586
395.4860949714119	-6.617441401387831
297.30774664672765	-3.184156251274195
320.4449765065924	-3.667376980721591
298.73424301808967	-2.8040301598688617
332.77392588557205	-4.001822559643006
330.9799015674158	-3.953778167718994
250.3593320037248	-1.4504358606261432
243.93071181173227	-1.2089055229224808
287.4161995239652	-2.745347270343254
304.5917534295397	-2.867477099698117
248.92190429633098	-1.7269073530393584
238.1577334327552	-1.4917150384252773
311.8490067612823	-3.1746999508596305
117.81028964213586	1.9247707397442617
263.5612481658568	-2.0219934821646555
544.1843658632666	-10.852889792937125
236.82997209135323	-1.0685074528657337
238.0363606875263	-1.4417720162728367
307.99929933440467	-3.23136670083381
244.45054838611398	-1.2209943970920814
267.2151321989057	-2.206173872531694
333.49878614072935	-4.2511493392203015
339.38018687137856	-3.84444961114619
140.47163131615196	1.2984348291737688
343.20394474417714	-4.040428641295664
303.8898896717404	-2.9561192478685148
292.3046220611295	-2.3978454670415226
318.97812690682656	-3.2981638061288625
191.8465688065786	-0.15951246187059145
243.88798181693005	-1.42465981484635
241.84320732110592	-1.3380347360111147
281.9088983859193	-2.3570126640746256
357.8268803054676	-4.20353704035739
302.6458370385349	-3.253747094076826
239.8247686629532	-1.2588335826967822
328.34647559009517	-3.3680218959053803
225.2622352552629	-0.8750520000772622
234.45657952054955	-1.0043466154945246
324.2296683995051	-3.7401507172004225
339.3126535048663	-4.016112688732782
313.89721711232016	-3.8743562340356856
352.2851653116657	-4.423751068074389
327.6627372724377	-4.013562395690279
172.44107569673753	1.0010700086927686
284.3249250066993	-2.7051059081085294
263.1832166644258	-1.6161200415893044
269.468453111909	-1.9530872114894178
226.66729791514388	-1.4780838508872771
235.87857436794343	-1.3755044316253757
173.31327098009564	0.3117524805388206
311.2806012850109	-3.5312367320409273
299.42509777306884	-3.2207777691525057
255.7710707789809	-1.8268948741171245
384.90036395024697	-5.286994286057444
396.4091897412577	-5.686685977248576
295.39314285455674	-2.8031865771262727
252.27187514123037	-1.7006710583446636
167.79826835874175	0.9371888924712846
194.19590261036467	-0.26143180812571937
159.47848715948973	0.7118985483845882
304.7690118525937	-2.9200858703857566
424.87223737460664	-6.918873355750363
257.81521198426145	-1.540979526421605
235.46302055067454	-1.2313811960257288
522.7823988825694	-9.205920399651463
316.8814218479035	-3.653907874014871
217.9250168330091	-0.7317609070793061
190.78299971683134	0.18415174365069148
302.63101648219606	-3.257207494258843
234.81556855740286	-0.9649262846762597
267.50087571907795	-2.3184942521915914
269.0981765056292	-1.987704349299714
270.5288323330762	-2.1579924567509443
285.88118924284686	-2.219420613395563
262.9927310475242	-1.8124161048995717
296.6481345876903	-2.4904194856924393
409.35383971159996	-5.901724911437298
325.50661985403684	-3.8667441323164344
216.44657914779657	-0.4302109319807559
239.05802039286064	-1.1246968523613998
213.19049234148	-0.6174444468488994
207.03698487743912	-0.6084949842367404
366.089362124005	-4.72923167303342
304.5013577483561	-2.9928710203932116
220.85497074603975	-0.877529904143864
264.0845177729587	-2.123166598054435
330.5231448769461	-4.273609479828332
263.10797632541875	-1.6381077475063026
242.4670172277956	-1.5006449280928778
347.87196055549356	-4.338999826646614
248.13857938375634	-1.6284149453006749
314.2066818820235	-3.3642435811394225
192.09912057480102	0.09797639564464335
160.855580159626	1.2129463020716258
251.6841600834479	-1.5738379240809868
240.4911736562579	-1.4461840134304074
296.8284017477924	-2.8686300267456692
260.7169495663289	-1.8935680552236278
173.16329357420332	0.3842490385942968
281.78438086646156	-2.306501783089722
208.1885224738262	-0.8094405030959413
304.1956794071174	-3.155759271900277
225.65027596372437	-0.9675739089868693
303.34834182649547	-3.201042115625538
246.04549741197582	-1.2365961688448628
143.93982487064503	1.404521526660443
286.47893031363134	-2.5937388288278953
350.150246268753	-4.356032601083505
378.7405879560173	-5.443495400412772
168.97874017990645	0.726632251371712
181.98696968618756	0.260415357244937
283.2122111624478	-2.228554863821548
323.880711116092	-3.9132012539715166
142.20997251631294	1.6696344619462553
278.38983595462594	-1.7978802212257161
269.2455541372891	-2.140533108865184
210.0111096755471	-0.4123958102042282
253.770571074776	-1.6475173213329748
246.77628226225477	-1.4239021809430383
355.7065011043794	-4.506883003004237
332.43373555006434	-3.908089689434856
264.66039363801764	-1.9404893191388257
238.99934032653312	-1.1921311368443732
320.77866302540457	-3.525704610415988
374.4916828623182	-5.1680126355882745
323.7392908815463	-3.4210695787304544
277.66363185399376	-2.141443781668414
282.27230842616666	-2.483224146264426
87.19011741671716	2.9093610864713337
247.78642326104588	-1.4641626498763707
355.42963019128194	-4.124147447618055
133.85800390804212	2.0041280263162413
237.1958483424134	-1.2437495994566743
257.70416732814635	-2.154470288499266
307.4828556371218	-2.8743267925101907
246.31295483518895	-1.4501052163471708
259.05270488349896	-1.6058078383717758
316.4632768969068	-3.1678768933442507
233.5486980516709	-1.0760017394208718
314.21932734159594	-3.162812633750608
311.775584101838	-3.2844932323159606
177.91672864876662	0.49375075905624516
190.02678536127368	-0.021307338461461753
258.4373331687685	-1.9166283768158747
371.5720398534844	-4.938274100523259
364.9419807456427	-4.94271331110195
353.36552113261854	-4.462723190556383
247.00915703300058	-1.4898194758389338
273.4172668429882	-2.0453135063596184
351.63731871955264	-4.576654549819944
211.42107052341743	-0.5094104916986731
255.2370450896763	-1.6645144778446277
192.3280583949625	0.22685655502061638
308.9838651488825	-2.795320646925566
293.22523111132404	-2.7868481092962543
213.30343069086217	-0.6339103681056919
210.4266090511317	-1.0327452786232882
198.92429500527675	-0.3062005682293582
209.52154758596802	-0.45751444807269587
188.6940171947516	0.21672904990189557
280.2322626806444	-2.41449362577822
217.92377532423723	-0.5943372727952629
327.56026770211315	-3.9079252686703185
261.4269321363267	-1.9111656047092813
237.9198313630351	-1.2424278271526146
227.38126273717882	-1.0391610224021424
260.81721608300404	-2.201768004819479
280.8646531529726	-1.9317589131113342
132.5177679733398	1.4924316677581149
248.02820308678287	-1.676990635832911
263.44829987393655	-1.6802904870060165
212.22329358570283	-0.5733057018571794
346.6584238667722	-4.4048638479821065
449.07059896010634	-6.9685418232682075
131.63046492775848	1.6772335419007338
170.57268073554573	0.3647756876136528
281.0176700648928	-2.179973066352773
322.12085745870564	-3.4597066411311026
203.97632822506654	0.5161813853353545
370.36991467464696	-5.091157270772221
288.2357383540607	-2.780979650698432
365.33149739159165	-5.152661121590791
194.69814661461038	0.0294641792074218
333.3214676837111	-3.4975271258640537
212.4387135468915	-0.6727155466652335
211.21307670542376	-0.7157289117129663
333.9249640493648	-3.97578439195821
315.00705263617334	-3.376318736528775
182.2735683096497	0.44114852752680356
238.47196720411998	-1.2040039812844956
304.7134912456661	-3.3490594404710468
172.68890849394595	0.43998578607253214
331.45812932798174	-3.9486020900613603
284.8319366406171	-2.3357692715140903
293.6046493978025	-3.0937031260858308
213.28020523783007	-0.6067612604650026
226.4433272817369	-1.0580005989222798
285.41557890821286	-2.143931619372755
261.6520261210885	-1.7727915542395158
301.215079003003	-3.141826072627275
