shift	cross.corr	sample
1	0.08178402721106015	ChIP-exo1
2	0.08865599829634367	ChIP-exo1
3	0.10502724607981744	ChIP-exo1
4	0.1067172027172549	ChIP-exo1
5	0.11446601499430788	ChIP-exo1
6	0.12380146425021486	ChIP-exo1
7	0.11359752644137684	ChIP-exo1
8	0.11900977588881419	ChIP-exo1
9	0.12717795830999773	ChIP-exo1
10	0.1177142776146342	ChIP-exo1
11	0.11503223608806033	ChIP-exo1
12	0.11500530188136972	ChIP-exo1
13	0.11390951003931749	ChIP-exo1
14	0.11410741824049765	ChIP-exo1
15	0.11266981514563025	ChIP-exo1
16	0.10958736163160582	ChIP-exo1
17	0.10903932436480833	ChIP-exo1
18	0.10729258215381224	ChIP-exo1
19	0.10654309970123334	ChIP-exo1
20	0.1048790935457004	ChIP-exo1
21	0.10245913500617636	ChIP-exo1
22	0.10107521855812297	ChIP-exo1
23	0.09919615856987701	ChIP-exo1
24	0.09822136891150042	ChIP-exo1
25	0.09750864105142373	ChIP-exo1
26	0.09627115504370226	ChIP-exo1
27	0.09544125190018245	ChIP-exo1
28	0.09566497928237716	ChIP-exo1
29	0.09542861619754144	ChIP-exo1
30	0.09440992543708163	ChIP-exo1
31	0.09452944530333586	ChIP-exo1
32	0.09405474693117799	ChIP-exo1
33	0.09390427182466668	ChIP-exo1
34	0.09424801961451669	ChIP-exo1
35	0.09464246897119004	ChIP-exo1
36	0.09485381613187648	ChIP-exo1
37	0.09571662767671771	ChIP-exo1
38	0.09682917305446181	ChIP-exo1
39	0.0970921878088874	ChIP-exo1
40	0.09744419114534691	ChIP-exo1
41	0.09782575277913474	ChIP-exo1
42	0.09791343230942308	ChIP-exo1
43	0.09827207894535538	ChIP-exo1
44	0.0984988970948198	ChIP-exo1
45	0.09906933319098118	ChIP-exo1
46	0.1004289934489849	ChIP-exo1
47	0.10071321889993924	ChIP-exo1
48	0.10089626532745642	ChIP-exo1
49	0.1004150044116293	ChIP-exo1
50	0.0995516239258195	ChIP-exo1
51	0.09861615125068791	ChIP-exo1
52	0.09708130140836296	ChIP-exo1
53	0.09572746081498908	ChIP-exo1
54	0.094029725515821	ChIP-exo1
55	0.09316632664467041	ChIP-exo1
56	0.09210587241740249	ChIP-exo1
57	0.09040908414655753	ChIP-exo1
58	0.08860022040006661	ChIP-exo1
59	0.08724648960617712	ChIP-exo1
60	0.08479090340336431	ChIP-exo1
61	0.0830536192244915	ChIP-exo1
62	0.08119137096168799	ChIP-exo1
63	0.07939440544990443	ChIP-exo1
64	0.07798209589590455	ChIP-exo1
65	0.07667976948666641	ChIP-exo1
66	0.07479372879408212	ChIP-exo1
67	0.07384577439073768	ChIP-exo1
68	0.07180291940566885	ChIP-exo1
69	0.07036592252189451	ChIP-exo1
70	0.06887271130805565	ChIP-exo1
71	0.06742335562348467	ChIP-exo1
72	0.065865400606571	ChIP-exo1
73	0.06464371598574375	ChIP-exo1
74	0.06389729656511965	ChIP-exo1
75	0.06242034297764968	ChIP-exo1
76	0.06115352456817575	ChIP-exo1
77	0.05999700204132344	ChIP-exo1
78	0.05900617038695991	ChIP-exo1
79	0.058179114195161495	ChIP-exo1
80	0.057311094864815705	ChIP-exo1
81	0.0565214461001919	ChIP-exo1
82	0.05525255752827694	ChIP-exo1
83	0.054480953922563	ChIP-exo1
84	0.05373551423903589	ChIP-exo1
85	0.052815558956826304	ChIP-exo1
86	0.052181041001868364	ChIP-exo1
87	0.0513787705460875	ChIP-exo1
88	0.050819234212216256	ChIP-exo1
89	0.050082724429228266	ChIP-exo1
90	0.04967307682129393	ChIP-exo1
91	0.048781342959344734	ChIP-exo1
92	0.048189238037293615	ChIP-exo1
93	0.047508516456377346	ChIP-exo1
94	0.046946398926587675	ChIP-exo1
95	0.04623274173342663	ChIP-exo1
96	0.04563454268548612	ChIP-exo1
97	0.04490227313073703	ChIP-exo1
98	0.04443104443012122	ChIP-exo1
99	0.044024340836691225	ChIP-exo1
100	0.04330833506809206	ChIP-exo1
101	0.042624625306414844	ChIP-exo1
102	0.04217316592938519	ChIP-exo1
103	0.041601296944764714	ChIP-exo1
104	0.04110088623053504	ChIP-exo1
105	0.04048050245322362	ChIP-exo1
106	0.03990775197222973	ChIP-exo1
107	0.03939941773152682	ChIP-exo1
108	0.03879182601379334	ChIP-exo1
109	0.03811895139306318	ChIP-exo1
110	0.03777893717986747	ChIP-exo1
111	0.037096913715527965	ChIP-exo1
112	0.03654297119183679	ChIP-exo1
113	0.036087665227209624	ChIP-exo1
114	0.035545323137255724	ChIP-exo1
115	0.03492931724321707	ChIP-exo1
116	0.034508710660698584	ChIP-exo1
117	0.033959618137014355	ChIP-exo1
118	0.033164533434097074	ChIP-exo1
119	0.03299914403049509	ChIP-exo1
120	0.03231188138305672	ChIP-exo1
121	0.031790752752350576	ChIP-exo1
122	0.031606218216499345	ChIP-exo1
123	0.0306989993672168	ChIP-exo1
124	0.030392807824354693	ChIP-exo1
125	0.02996387648877761	ChIP-exo1
126	0.029218877538924687	ChIP-exo1
127	0.028816123133857216	ChIP-exo1
128	0.028289201788205463	ChIP-exo1
129	0.027973265164797843	ChIP-exo1
130	0.02756891721420035	ChIP-exo1
131	0.027127872992858165	ChIP-exo1
132	0.026540867338961525	ChIP-exo1
133	0.026206960148746482	ChIP-exo1
134	0.025934974473713165	ChIP-exo1
135	0.024934008801578974	ChIP-exo1
136	0.024831550338395503	ChIP-exo1
137	0.024307738847451483	ChIP-exo1
138	0.023870347247069476	ChIP-exo1
139	0.023491274972031222	ChIP-exo1
140	0.02327229694908575	ChIP-exo1
141	0.02267212614306498	ChIP-exo1
142	0.02234672136040593	ChIP-exo1
143	0.022239883298380832	ChIP-exo1
144	0.02181671922937603	ChIP-exo1
145	0.02137957240910409	ChIP-exo1
146	0.02109901836106457	ChIP-exo1
147	0.020716879494726354	ChIP-exo1
148	0.020163914597644363	ChIP-exo1
149	0.019774094484972395	ChIP-exo1
150	0.019513184722349034	ChIP-exo1
151	0.019091500828753705	ChIP-exo1
152	0.01851749019841957	ChIP-exo1
153	0.018302360926812797	ChIP-exo1
154	0.01778573979215063	ChIP-exo1
155	0.017431269517808632	ChIP-exo1
156	0.017120880266421057	ChIP-exo1
157	0.016928457400584088	ChIP-exo1
158	0.01657888582241885	ChIP-exo1
159	0.01626056310832485	ChIP-exo1
160	0.015964931060540997	ChIP-exo1
161	0.015597882472077263	ChIP-exo1
162	0.015403295226064644	ChIP-exo1
163	0.015025967306171995	ChIP-exo1
164	0.014863647101340412	ChIP-exo1
165	0.014589552466203325	ChIP-exo1
166	0.014442256987950196	ChIP-exo1
167	0.014093535784449487	ChIP-exo1
168	0.013754386633150787	ChIP-exo1
169	0.013668050345538557	ChIP-exo1
170	0.013280578722274112	ChIP-exo1
171	0.01323447317682762	ChIP-exo1
172	0.012956989159763302	ChIP-exo1
173	0.012978017292136714	ChIP-exo1
174	0.012641277935417554	ChIP-exo1
175	0.012301834549805962	ChIP-exo1
176	0.012343177116656253	ChIP-exo1
177	0.012147026018434095	ChIP-exo1
178	0.011961091832104725	ChIP-exo1
179	0.011720167363131846	ChIP-exo1
180	0.011551479878272304	ChIP-exo1
181	0.01137249129160257	ChIP-exo1
182	0.011220843836702663	ChIP-exo1
183	0.011091650366759258	ChIP-exo1
184	0.011089028233925246	ChIP-exo1
185	0.010870194469651864	ChIP-exo1
186	0.01076991005004123	ChIP-exo1
187	0.010517200273005733	ChIP-exo1
188	0.010585285925718833	ChIP-exo1
189	0.010395031886568833	ChIP-exo1
190	0.01035214333893463	ChIP-exo1
191	0.010259741606541455	ChIP-exo1
192	0.010078166161353104	ChIP-exo1
193	0.009995432894015704	ChIP-exo1
194	0.009884109601460711	ChIP-exo1
195	0.009839428165100167	ChIP-exo1
196	0.009588547568446317	ChIP-exo1
197	0.009564272393082178	ChIP-exo1
198	0.009440123539382336	ChIP-exo1
199	0.009471095443757547	ChIP-exo1
200	0.009282727164186993	ChIP-exo1
201	0.009233419581484187	ChIP-exo1
202	0.009126771503790196	ChIP-exo1
203	0.009167154675354503	ChIP-exo1
204	0.008936715918729613	ChIP-exo1
205	0.008858586784352165	ChIP-exo1
206	0.008657408167787279	ChIP-exo1
207	0.008640637469097106	ChIP-exo1
208	0.00856639497878607	ChIP-exo1
209	0.008461731444705526	ChIP-exo1
210	0.008447632496728424	ChIP-exo1
211	0.008306609278858058	ChIP-exo1
212	0.008244359850188088	ChIP-exo1
213	0.008218221370624432	ChIP-exo1
214	0.008070917769829777	ChIP-exo1
215	0.007995110919958852	ChIP-exo1
216	0.008040754305389513	ChIP-exo1
217	0.007956005053080379	ChIP-exo1
218	0.007965437098452086	ChIP-exo1
219	0.007834157286307934	ChIP-exo1
220	0.007857146061883062	ChIP-exo1
221	0.007850588000522152	ChIP-exo1
222	0.007709912625364126	ChIP-exo1
223	0.007684448363850712	ChIP-exo1
224	0.007552769419032104	ChIP-exo1
225	0.007396456570969174	ChIP-exo1
226	0.007442245759080453	ChIP-exo1
227	0.007328063813928462	ChIP-exo1
228	0.007230682303267703	ChIP-exo1
229	0.007168238349399203	ChIP-exo1
230	0.007191746071165302	ChIP-exo1
231	0.007116427904243855	ChIP-exo1
232	0.007161279677272517	ChIP-exo1
233	0.006961406575307104	ChIP-exo1
234	0.007049447083052595	ChIP-exo1
235	0.007043461365189984	ChIP-exo1
236	0.006943943740710224	ChIP-exo1
237	0.006865724842257999	ChIP-exo1
238	0.006754442389808352	ChIP-exo1
239	0.006793532637169685	ChIP-exo1
240	0.0067600821360437515	ChIP-exo1
241	0.006718355772181843	ChIP-exo1
242	0.006781148361473262	ChIP-exo1
243	0.0068213566041696	ChIP-exo1
244	0.006881352703458608	ChIP-exo1
245	0.006800834603321164	ChIP-exo1
246	0.0066961099572210026	ChIP-exo1
247	0.006800245010255472	ChIP-exo1
248	0.006787187244526981	ChIP-exo1
249	0.006711133368399258	ChIP-exo1
250	0.006760712292811614	ChIP-exo1
251	0.0065536333183316645	ChIP-exo1
252	0.006503128449816835	ChIP-exo1
253	0.006478386907674734	ChIP-exo1
254	0.006512240187235646	ChIP-exo1
255	0.006383203825902721	ChIP-exo1
256	0.006337353905458287	ChIP-exo1
257	0.006309672655486877	ChIP-exo1
258	0.006346942705308511	ChIP-exo1
259	0.006321913391493686	ChIP-exo1
260	0.006394085828509419	ChIP-exo1
261	0.006343618922425536	ChIP-exo1
262	0.0062943768260643965	ChIP-exo1
263	0.0064294885285002545	ChIP-exo1
264	0.006310848139384896	ChIP-exo1
265	0.00617395085444993	ChIP-exo1
266	0.006324519766187491	ChIP-exo1
267	0.006309965713324414	ChIP-exo1
268	0.0062663198754538026	ChIP-exo1
269	0.006316612674862511	ChIP-exo1
270	0.006307273859124108	ChIP-exo1
271	0.006191122369249458	ChIP-exo1
272	0.006086646703689836	ChIP-exo1
273	0.006209471641154471	ChIP-exo1
274	0.006031612101509403	ChIP-exo1
275	0.006119692860971043	ChIP-exo1
276	0.006124070136569088	ChIP-exo1
277	0.006015431091214718	ChIP-exo1
278	0.005928005324807678	ChIP-exo1
279	0.0059836489927312065	ChIP-exo1
280	0.005922804552304489	ChIP-exo1
281	0.00581238684707436	ChIP-exo1
282	0.00580383527476051	ChIP-exo1
283	0.005894182226104606	ChIP-exo1
284	0.005796117998708358	ChIP-exo1
285	0.005814759507732601	ChIP-exo1
286	0.00577422184365673	ChIP-exo1
287	0.00581339830179949	ChIP-exo1
288	0.005758586394333182	ChIP-exo1
289	0.005838339031745169	ChIP-exo1
290	0.005811363271775964	ChIP-exo1
291	0.005693181600811579	ChIP-exo1
292	0.005692069744037036	ChIP-exo1
293	0.005786812295596903	ChIP-exo1
294	0.005645995494464227	ChIP-exo1
295	0.005623569353269901	ChIP-exo1
296	0.0056672911149091435	ChIP-exo1
297	0.005774971309824323	ChIP-exo1
298	0.005631175456318056	ChIP-exo1
299	0.005643046797462251	ChIP-exo1
300	0.005572977062445844	ChIP-exo1
1	0.0673666917907934	ChIP-exo2
2	0.07106207351371326	ChIP-exo2
3	0.08360966333368165	ChIP-exo2
4	0.08538421171411094	ChIP-exo2
5	0.08936614549073565	ChIP-exo2
6	0.09482425550780194	ChIP-exo2
7	0.09025446328290823	ChIP-exo2
8	0.09348338046440263	ChIP-exo2
9	0.09934083103422647	ChIP-exo2
10	0.08991257510448875	ChIP-exo2
11	0.08789150603749674	ChIP-exo2
12	0.0882912856531938	ChIP-exo2
13	0.08753980329102976	ChIP-exo2
14	0.08846478700504572	ChIP-exo2
15	0.08730199040957518	ChIP-exo2
16	0.08496638982018795	ChIP-exo2
17	0.08445510906540708	ChIP-exo2
18	0.08354377093332248	ChIP-exo2
19	0.0829983733965653	ChIP-exo2
20	0.08158457255747127	ChIP-exo2
21	0.07957733741444847	ChIP-exo2
22	0.07894528112918844	ChIP-exo2
23	0.07832260486480978	ChIP-exo2
24	0.07797532892563783	ChIP-exo2
25	0.07750009081131268	ChIP-exo2
26	0.07654771056902616	ChIP-exo2
27	0.07717651557876837	ChIP-exo2
28	0.07727125097715588	ChIP-exo2
29	0.07749257533804921	ChIP-exo2
30	0.07679196229270875	ChIP-exo2
31	0.07638826385230263	ChIP-exo2
32	0.07640578550609024	ChIP-exo2
33	0.07679896476165464	ChIP-exo2
34	0.07710327895948388	ChIP-exo2
35	0.07776446517214627	ChIP-exo2
36	0.07868767774872008	ChIP-exo2
37	0.07948693844781064	ChIP-exo2
38	0.08082629322751418	ChIP-exo2
39	0.08123552784854403	ChIP-exo2
40	0.08165955247654187	ChIP-exo2
41	0.08224639995200121	ChIP-exo2
42	0.08281317371395598	ChIP-exo2
43	0.0834754598965652	ChIP-exo2
44	0.08436821238536274	ChIP-exo2
45	0.08493529639950996	ChIP-exo2
46	0.08592801559209681	ChIP-exo2
47	0.08656019197630113	ChIP-exo2
48	0.08727366821215103	ChIP-exo2
49	0.08684880186615629	ChIP-exo2
50	0.08628370373035381	ChIP-exo2
51	0.08526576423247044	ChIP-exo2
52	0.08449581951706803	ChIP-exo2
53	0.08385986569124484	ChIP-exo2
54	0.08307618565772149	ChIP-exo2
55	0.08220996631219292	ChIP-exo2
56	0.08154069544360633	ChIP-exo2
57	0.08057318196472171	ChIP-exo2
58	0.07951647741401388	ChIP-exo2
59	0.07810545722015182	ChIP-exo2
60	0.07646751197712011	ChIP-exo2
61	0.07535844084376318	ChIP-exo2
62	0.07402152479572818	ChIP-exo2
63	0.07309481139980258	ChIP-exo2
64	0.071776184532498	ChIP-exo2
65	0.07098520265221062	ChIP-exo2
66	0.06974582316678384	ChIP-exo2
67	0.06893147062172902	ChIP-exo2
68	0.0678720352587405	ChIP-exo2
69	0.06716335893139526	ChIP-exo2
70	0.06599838558707839	ChIP-exo2
71	0.06534908165644931	ChIP-exo2
72	0.06433789431217454	ChIP-exo2
73	0.06334542596860462	ChIP-exo2
74	0.06290400849074937	ChIP-exo2
75	0.06218587190096197	ChIP-exo2
76	0.0616240145158815	ChIP-exo2
77	0.06089566544393188	ChIP-exo2
78	0.060315282005120305	ChIP-exo2
79	0.05987844553978453	ChIP-exo2
80	0.05897697482423965	ChIP-exo2
81	0.05871989333807233	ChIP-exo2
82	0.05825693137326202	ChIP-exo2
83	0.05769339394478899	ChIP-exo2
84	0.05722297097973256	ChIP-exo2
85	0.05676547227753118	ChIP-exo2
86	0.056469207053722305	ChIP-exo2
87	0.05608686960523261	ChIP-exo2
88	0.05583766446241807	ChIP-exo2
89	0.055372041008042536	ChIP-exo2
90	0.054978857532117724	ChIP-exo2
91	0.054264446113607534	ChIP-exo2
92	0.054122956633691266	ChIP-exo2
93	0.053761537816183876	ChIP-exo2
94	0.053410374230246034	ChIP-exo2
95	0.053009195769953	ChIP-exo2
96	0.052733581985001415	ChIP-exo2
97	0.052541828984601434	ChIP-exo2
98	0.052114377246377755	ChIP-exo2
99	0.051643241482147835	ChIP-exo2
100	0.05122289463203367	ChIP-exo2
101	0.05101561612416096	ChIP-exo2
102	0.05064296837732959	ChIP-exo2
103	0.05015362176755285	ChIP-exo2
104	0.049820241706455645	ChIP-exo2
105	0.04952910328046305	ChIP-exo2
106	0.0493032967362147	ChIP-exo2
107	0.049021461223617564	ChIP-exo2
108	0.04842416718187394	ChIP-exo2
109	0.04800040219732892	ChIP-exo2
110	0.04780369220366268	ChIP-exo2
111	0.04717968053653123	ChIP-exo2
112	0.047074339757584106	ChIP-exo2
113	0.04635325405966428	ChIP-exo2
114	0.045791790010578315	ChIP-exo2
115	0.04548849628562589	ChIP-exo2
116	0.04511240418954506	ChIP-exo2
117	0.044547347354898605	ChIP-exo2
118	0.044152622447738064	ChIP-exo2
119	0.04377891831530993	ChIP-exo2
120	0.043072580942819495	ChIP-exo2
121	0.04282731896894257	ChIP-exo2
122	0.042281729966593094	ChIP-exo2
123	0.042024189279257815	ChIP-exo2
124	0.041388185097785	ChIP-exo2
125	0.04097680816964838	ChIP-exo2
126	0.04038014763546015	ChIP-exo2
127	0.040018330930354964	ChIP-exo2
128	0.039525143847451795	ChIP-exo2
129	0.038991120575704995	ChIP-exo2
130	0.038535946085726705	ChIP-exo2
131	0.0380012928765245	ChIP-exo2
132	0.037551690600895325	ChIP-exo2
133	0.03711481783819029	ChIP-exo2
134	0.036763321835415856	ChIP-exo2
135	0.036031341210916557	ChIP-exo2
136	0.03556684753594511	ChIP-exo2
137	0.03513772452818417	ChIP-exo2
138	0.034633132169907814	ChIP-exo2
139	0.03401872004228832	ChIP-exo2
140	0.033791032086790754	ChIP-exo2
141	0.03330160104838064	ChIP-exo2
142	0.03295457219983832	ChIP-exo2
143	0.03261795949833314	ChIP-exo2
144	0.03217805481760785	ChIP-exo2
145	0.03154262929234316	ChIP-exo2
146	0.031151441951653536	ChIP-exo2
147	0.03058443148816667	ChIP-exo2
148	0.03011689463988427	ChIP-exo2
149	0.02964160173286051	ChIP-exo2
150	0.0292408695215398	ChIP-exo2
151	0.028812601326709313	ChIP-exo2
152	0.028386743629615786	ChIP-exo2
153	0.02810952157168966	ChIP-exo2
154	0.027585868352741183	ChIP-exo2
155	0.026991077226275532	ChIP-exo2
156	0.026721736056587893	ChIP-exo2
157	0.02635745231621183	ChIP-exo2
158	0.025868810387261014	ChIP-exo2
159	0.02544583634282346	ChIP-exo2
160	0.025114217976691545	ChIP-exo2
161	0.02458912005216166	ChIP-exo2
162	0.02440470100634807	ChIP-exo2
163	0.024034147730695985	ChIP-exo2
164	0.0234954295132886	ChIP-exo2
165	0.02347793151334494	ChIP-exo2
166	0.023140599277593068	ChIP-exo2
167	0.022623929354616563	ChIP-exo2
168	0.022319011257545606	ChIP-exo2
169	0.021950115101170262	ChIP-exo2
170	0.02167046178710071	ChIP-exo2
171	0.021471365918994356	ChIP-exo2
172	0.021037440995481892	ChIP-exo2
173	0.020752747064492313	ChIP-exo2
174	0.020448482883073382	ChIP-exo2
175	0.02045099531843225	ChIP-exo2
176	0.01999655065635262	ChIP-exo2
177	0.019752954335602063	ChIP-exo2
178	0.01933081359838	ChIP-exo2
179	0.01917610707688426	ChIP-exo2
180	0.018978485589167024	ChIP-exo2
181	0.018633611259742014	ChIP-exo2
182	0.01853499490087729	ChIP-exo2
183	0.01817784757003195	ChIP-exo2
184	0.018201716476977388	ChIP-exo2
185	0.017916320810650307	ChIP-exo2
186	0.017576509564873995	ChIP-exo2
187	0.017303257432957842	ChIP-exo2
188	0.01713016506787016	ChIP-exo2
189	0.017043274221001683	ChIP-exo2
190	0.01671203275632797	ChIP-exo2
191	0.016680785362622116	ChIP-exo2
192	0.016525856185286063	ChIP-exo2
193	0.016394207810285024	ChIP-exo2
194	0.016138583886501617	ChIP-exo2
195	0.015830343926947776	ChIP-exo2
196	0.015615486011054924	ChIP-exo2
197	0.015398003946055252	ChIP-exo2
198	0.015384410823788039	ChIP-exo2
199	0.015388966342805569	ChIP-exo2
200	0.015027116878211023	ChIP-exo2
201	0.014805131755772815	ChIP-exo2
202	0.01482405725292492	ChIP-exo2
203	0.014548767726403008	ChIP-exo2
204	0.014347816671369841	ChIP-exo2
205	0.014182326041414695	ChIP-exo2
206	0.014092443364619647	ChIP-exo2
207	0.013999915689386902	ChIP-exo2
208	0.013948012506619008	ChIP-exo2
209	0.013617551869542768	ChIP-exo2
210	0.013448127849648982	ChIP-exo2
211	0.013494274728991432	ChIP-exo2
212	0.0133564947783998	ChIP-exo2
213	0.01314903370179035	ChIP-exo2
214	0.012948780285911779	ChIP-exo2
215	0.012812782403493922	ChIP-exo2
216	0.01258226779150248	ChIP-exo2
217	0.012588447105276405	ChIP-exo2
218	0.01231027015887924	ChIP-exo2
219	0.012260553560214674	ChIP-exo2
220	0.012209141493501479	ChIP-exo2
221	0.011994708595160808	ChIP-exo2
222	0.011786806827752377	ChIP-exo2
223	0.011639792010482194	ChIP-exo2
224	0.011753182535733374	ChIP-exo2
225	0.011532819178590772	ChIP-exo2
226	0.011259613793013927	ChIP-exo2
227	0.011318102442603142	ChIP-exo2
228	0.011040769505267533	ChIP-exo2
229	0.011082225231109938	ChIP-exo2
230	0.010873907777707807	ChIP-exo2
231	0.01072839561264847	ChIP-exo2
232	0.010690111158653886	ChIP-exo2
233	0.01059126161247457	ChIP-exo2
234	0.01050793918562922	ChIP-exo2
235	0.010474000197373032	ChIP-exo2
236	0.010359905356605194	ChIP-exo2
237	0.010391984155301686	ChIP-exo2
238	0.010219147631159836	ChIP-exo2
239	0.010132375681837408	ChIP-exo2
240	0.010012886063840695	ChIP-exo2
241	0.009809984445795573	ChIP-exo2
242	0.009852657853862894	ChIP-exo2
243	0.009881910472368978	ChIP-exo2
244	0.00980378676178167	ChIP-exo2
245	0.009752267607685989	ChIP-exo2
246	0.009653958063326131	ChIP-exo2
247	0.009655492863531527	ChIP-exo2
248	0.00956104993946959	ChIP-exo2
249	0.00937691833371438	ChIP-exo2
250	0.009304368212511181	ChIP-exo2
251	0.009230256582833909	ChIP-exo2
252	0.009232211933866969	ChIP-exo2
253	0.009059018736341485	ChIP-exo2
254	0.008990476524168985	ChIP-exo2
255	0.008950005774561131	ChIP-exo2
256	0.008946979064701413	ChIP-exo2
257	0.008782853790011228	ChIP-exo2
258	0.008768584076797347	ChIP-exo2
259	0.008711305259380013	ChIP-exo2
260	0.0086789833099215	ChIP-exo2
261	0.008611582573212843	ChIP-exo2
262	0.008491230681570176	ChIP-exo2
263	0.008578261841743515	ChIP-exo2
264	0.00853932001947237	ChIP-exo2
265	0.008432350613319775	ChIP-exo2
266	0.008403467893320209	ChIP-exo2
267	0.00833580488154858	ChIP-exo2
268	0.008332314742988088	ChIP-exo2
269	0.008271100640044661	ChIP-exo2
270	0.008317063636043271	ChIP-exo2
271	0.008216255626896797	ChIP-exo2
272	0.008182890029458623	ChIP-exo2
273	0.008140115362517847	ChIP-exo2
274	0.008041351202908267	ChIP-exo2
275	0.008045202931342251	ChIP-exo2
276	0.008160648985122832	ChIP-exo2
277	0.008036028778268879	ChIP-exo2
278	0.00797167100558146	ChIP-exo2
279	0.007978499681043026	ChIP-exo2
280	0.007779052031712689	ChIP-exo2
281	0.007622188351298051	ChIP-exo2
282	0.00770147460687483	ChIP-exo2
283	0.007715735215614093	ChIP-exo2
284	0.007731831552505321	ChIP-exo2
285	0.00757646307165502	ChIP-exo2
286	0.007550085929008857	ChIP-exo2
287	0.0075597548353089575	ChIP-exo2
288	0.007569843312064429	ChIP-exo2
289	0.007389252777626456	ChIP-exo2
290	0.007343906818502474	ChIP-exo2
291	0.007454618610135624	ChIP-exo2
292	0.007358037681149338	ChIP-exo2
293	0.007359909771499125	ChIP-exo2
294	0.007370271482025321	ChIP-exo2
295	0.007290615731753274	ChIP-exo2
296	0.007422795511537066	ChIP-exo2
297	0.007275304639700717	ChIP-exo2
298	0.007202702487706833	ChIP-exo2
299	0.007250519770031406	ChIP-exo2
300	0.007230336715683813	ChIP-exo2
1	0.04997918200999146	ChIP-exo3
2	0.052173260745176024	ChIP-exo3
3	0.05950086679044805	ChIP-exo3
4	0.062431200504487784	ChIP-exo3
5	0.06448780374221547	ChIP-exo3
6	0.06690891458640903	ChIP-exo3
7	0.06611884060364072	ChIP-exo3
8	0.06702824046848417	ChIP-exo3
9	0.07152108322376305	ChIP-exo3
10	0.06698493053582315	ChIP-exo3
11	0.06555176696312967	ChIP-exo3
12	0.06574630261090736	ChIP-exo3
13	0.06567064231755816	ChIP-exo3
14	0.06594651126985607	ChIP-exo3
15	0.06505625796675137	ChIP-exo3
16	0.06377042025329965	ChIP-exo3
17	0.06436374326235858	ChIP-exo3
18	0.06332725590026002	ChIP-exo3
19	0.06287087228266568	ChIP-exo3
20	0.062087134985312736	ChIP-exo3
21	0.061212129214234384	ChIP-exo3
22	0.061231400553097594	ChIP-exo3
23	0.060523483353945584	ChIP-exo3
24	0.06008386863228795	ChIP-exo3
25	0.060505547897512967	ChIP-exo3
26	0.060080654806302716	ChIP-exo3
27	0.06069066508464861	ChIP-exo3
28	0.060181922068866175	ChIP-exo3
29	0.0601721082575917	ChIP-exo3
30	0.060615715420587406	ChIP-exo3
31	0.060126440274339554	ChIP-exo3
32	0.06030360143372615	ChIP-exo3
33	0.059516215794340875	ChIP-exo3
34	0.05922583086379482	ChIP-exo3
35	0.05898449683589304	ChIP-exo3
36	0.05899181002566533	ChIP-exo3
37	0.05927061642383811	ChIP-exo3
38	0.0596708206977224	ChIP-exo3
39	0.05925500315414224	ChIP-exo3
40	0.0595177152558725	ChIP-exo3
41	0.05983468650975541	ChIP-exo3
42	0.059560323023074735	ChIP-exo3
43	0.0594365440349536	ChIP-exo3
44	0.05950104709060067	ChIP-exo3
45	0.05990400772307192	ChIP-exo3
46	0.06055369623383568	ChIP-exo3
47	0.060315213715047195	ChIP-exo3
48	0.060287068475529344	ChIP-exo3
49	0.06011175551896397	ChIP-exo3
50	0.059984672167445276	ChIP-exo3
51	0.059531178033977936	ChIP-exo3
52	0.05838618089129729	ChIP-exo3
53	0.05781006075609695	ChIP-exo3
54	0.05737538050733994	ChIP-exo3
55	0.057330935001302874	ChIP-exo3
56	0.05666240523932274	ChIP-exo3
57	0.05594550872298833	ChIP-exo3
58	0.0554305196439087	ChIP-exo3
59	0.05439439258628569	ChIP-exo3
60	0.05365067337425865	ChIP-exo3
61	0.052977540464501774	ChIP-exo3
62	0.052008932263464355	ChIP-exo3
63	0.051509875941503296	ChIP-exo3
64	0.05031439550844208	ChIP-exo3
65	0.05003983106628092	ChIP-exo3
66	0.04916304654254525	ChIP-exo3
67	0.0484560455903551	ChIP-exo3
68	0.04784495901608766	ChIP-exo3
69	0.04727535700392863	ChIP-exo3
70	0.04620296118509248	ChIP-exo3
71	0.04593296341263484	ChIP-exo3
72	0.04518145177738232	ChIP-exo3
73	0.04428830296198869	ChIP-exo3
74	0.043761668893209815	ChIP-exo3
75	0.04335743068188639	ChIP-exo3
76	0.04264383111999403	ChIP-exo3
77	0.04215015035533673	ChIP-exo3
78	0.041485305849259975	ChIP-exo3
79	0.041051021108137006	ChIP-exo3
80	0.040237082771828164	ChIP-exo3
81	0.040085978949039584	ChIP-exo3
82	0.03954407530742777	ChIP-exo3
83	0.03906890185481813	ChIP-exo3
84	0.03851815408942461	ChIP-exo3
85	0.03793443309064254	ChIP-exo3
86	0.03762250579674508	ChIP-exo3
87	0.03718331706353633	ChIP-exo3
88	0.036680668056999155	ChIP-exo3
89	0.03632619137326849	ChIP-exo3
90	0.03610227683762551	ChIP-exo3
91	0.03566282225073863	ChIP-exo3
92	0.03539910060424833	ChIP-exo3
93	0.0348569374733533	ChIP-exo3
94	0.03435195129665874	ChIP-exo3
95	0.034039369151824345	ChIP-exo3
96	0.03391035308176645	ChIP-exo3
97	0.033228583554531156	ChIP-exo3
98	0.03298815307064982	ChIP-exo3
99	0.03253365315151923	ChIP-exo3
100	0.03227502436225766	ChIP-exo3
101	0.031597353640516766	ChIP-exo3
102	0.03154226215002156	ChIP-exo3
103	0.030911025703167522	ChIP-exo3
104	0.03075035031692856	ChIP-exo3
105	0.030491156407762017	ChIP-exo3
106	0.0297022114900972	ChIP-exo3
107	0.029587143629272044	ChIP-exo3
108	0.029246965551779244	ChIP-exo3
109	0.02889101692489757	ChIP-exo3
110	0.02858416482724127	ChIP-exo3
111	0.028164950255188677	ChIP-exo3
112	0.027691110889512385	ChIP-exo3
113	0.02745285867059899	ChIP-exo3
114	0.0269550981915481	ChIP-exo3
115	0.02655197653423019	ChIP-exo3
116	0.02647386847282318	ChIP-exo3
117	0.025925592044562563	ChIP-exo3
118	0.02556161818822675	ChIP-exo3
119	0.025338599022247034	ChIP-exo3
120	0.024886017691702296	ChIP-exo3
121	0.02441841060888373	ChIP-exo3
122	0.02421893978576099	ChIP-exo3
123	0.02393896227117314	ChIP-exo3
124	0.02378701149601785	ChIP-exo3
125	0.023372079364402637	ChIP-exo3
126	0.022984324568570347	ChIP-exo3
127	0.022821142853181833	ChIP-exo3
128	0.022524518814768614	ChIP-exo3
129	0.021864503472869765	ChIP-exo3
130	0.021667022242133325	ChIP-exo3
131	0.021244411514294206	ChIP-exo3
132	0.020916231366627316	ChIP-exo3
133	0.020500019237949998	ChIP-exo3
134	0.020336741870310864	ChIP-exo3
135	0.019757725347622067	ChIP-exo3
136	0.019505654167500403	ChIP-exo3
137	0.019241989728543896	ChIP-exo3
138	0.018776852191725313	ChIP-exo3
139	0.01833779604461233	ChIP-exo3
140	0.0181127877371557	ChIP-exo3
141	0.017737919792989616	ChIP-exo3
142	0.01735724110043871	ChIP-exo3
143	0.017168683718345883	ChIP-exo3
144	0.016566879167670207	ChIP-exo3
145	0.01650944805876948	ChIP-exo3
146	0.016222186362794183	ChIP-exo3
147	0.015757922599840154	ChIP-exo3
148	0.015642688136253705	ChIP-exo3
149	0.01516749393527492	ChIP-exo3
150	0.014951428225004514	ChIP-exo3
151	0.014686812127536251	ChIP-exo3
152	0.014475170412797627	ChIP-exo3
153	0.01422292893887687	ChIP-exo3
154	0.01398081664115363	ChIP-exo3
155	0.013753551492129645	ChIP-exo3
156	0.013489049457333223	ChIP-exo3
157	0.01326076631384165	ChIP-exo3
158	0.013055635920563868	ChIP-exo3
159	0.012804504385007128	ChIP-exo3
160	0.012588542240991669	ChIP-exo3
161	0.012486691590725022	ChIP-exo3
162	0.012174770766348196	ChIP-exo3
163	0.011982656916569155	ChIP-exo3
164	0.011732122020843578	ChIP-exo3
165	0.011653170636496166	ChIP-exo3
166	0.011424384845474611	ChIP-exo3
167	0.011201774132437727	ChIP-exo3
168	0.011091388277359063	ChIP-exo3
169	0.010942483671393765	ChIP-exo3
170	0.010747761546555224	ChIP-exo3
171	0.01051297899295506	ChIP-exo3
172	0.010485571364049632	ChIP-exo3
173	0.010155493728452663	ChIP-exo3
174	0.010013037180639946	ChIP-exo3
175	0.009827427550130293	ChIP-exo3
176	0.00970237267841674	ChIP-exo3
177	0.00960180510215767	ChIP-exo3
178	0.00952519920319238	ChIP-exo3
179	0.009337839939695284	ChIP-exo3
180	0.009317699039216023	ChIP-exo3
181	0.0090424528185274	ChIP-exo3
182	0.00896677341635849	ChIP-exo3
183	0.008916406335722979	ChIP-exo3
184	0.008810058185738528	ChIP-exo3
185	0.008611456100673988	ChIP-exo3
186	0.008523644683000174	ChIP-exo3
187	0.008550749214881902	ChIP-exo3
188	0.008484041449428948	ChIP-exo3
189	0.008314099980301764	ChIP-exo3
190	0.008373492821053048	ChIP-exo3
191	0.008289212976832699	ChIP-exo3
192	0.008245528296066238	ChIP-exo3
193	0.008110332884029734	ChIP-exo3
194	0.008073446669579076	ChIP-exo3
195	0.008064587187414072	ChIP-exo3
196	0.00800187463324104	ChIP-exo3
197	0.007908519240260477	ChIP-exo3
198	0.007761089283744217	ChIP-exo3
199	0.007730089801383956	ChIP-exo3
200	0.007713088155141294	ChIP-exo3
201	0.007631887495717477	ChIP-exo3
202	0.007512053367098193	ChIP-exo3
203	0.007387701865954939	ChIP-exo3
204	0.007404891261588057	ChIP-exo3
205	0.007267976727405796	ChIP-exo3
206	0.007344846212943483	ChIP-exo3
207	0.007240771370341009	ChIP-exo3
208	0.007129271873185985	ChIP-exo3
209	0.007135442823463965	ChIP-exo3
210	0.007007711287388982	ChIP-exo3
211	0.006856499011305864	ChIP-exo3
212	0.006805498823532769	ChIP-exo3
213	0.006587846308401906	ChIP-exo3
214	0.006668501699569348	ChIP-exo3
215	0.006576368149525643	ChIP-exo3
216	0.006561912197576388	ChIP-exo3
217	0.006405906659443758	ChIP-exo3
218	0.006316408309636054	ChIP-exo3
219	0.006295753093400873	ChIP-exo3
220	0.006104487258454935	ChIP-exo3
221	0.006075834325281787	ChIP-exo3
222	0.006000302013935145	ChIP-exo3
223	0.005956698533912992	ChIP-exo3
224	0.005928728069773877	ChIP-exo3
225	0.005805181538602335	ChIP-exo3
226	0.005688306862523567	ChIP-exo3
227	0.005760375598214596	ChIP-exo3
228	0.005530212096696619	ChIP-exo3
229	0.005514956073414407	ChIP-exo3
230	0.005386425606115189	ChIP-exo3
231	0.005333402116844091	ChIP-exo3
232	0.005368447579492049	ChIP-exo3
233	0.005319811174334814	ChIP-exo3
234	0.005226948688119836	ChIP-exo3
235	0.0052114274794316795	ChIP-exo3
236	0.005088041951647079	ChIP-exo3
237	0.00509089425793223	ChIP-exo3
238	0.00502001326880367	ChIP-exo3
239	0.0050298520589517936	ChIP-exo3
240	0.0048446009154001395	ChIP-exo3
241	0.0048883389066260675	ChIP-exo3
242	0.0048273990897360385	ChIP-exo3
243	0.00480196099746537	ChIP-exo3
244	0.00480335560834212	ChIP-exo3
245	0.004772298705944332	ChIP-exo3
246	0.004777387944777734	ChIP-exo3
247	0.004797049635071661	ChIP-exo3
248	0.004797344808264115	ChIP-exo3
249	0.004746920929535188	ChIP-exo3
250	0.004660314527246132	ChIP-exo3
251	0.0045767564093007794	ChIP-exo3
252	0.004598111550661594	ChIP-exo3
253	0.004545880847130933	ChIP-exo3
254	0.004468071526151531	ChIP-exo3
255	0.004493711781199498	ChIP-exo3
256	0.00444211330023782	ChIP-exo3
257	0.004520584464687763	ChIP-exo3
258	0.004472802906339875	ChIP-exo3
259	0.0044486290918563836	ChIP-exo3
260	0.004435936210568364	ChIP-exo3
261	0.0044633351144631244	ChIP-exo3
262	0.004444938141549107	ChIP-exo3
263	0.004310085330978007	ChIP-exo3
264	0.004373582586669349	ChIP-exo3
265	0.004457078831163281	ChIP-exo3
266	0.004394334667283521	ChIP-exo3
267	0.004360757009207721	ChIP-exo3
268	0.0042344395677051646	ChIP-exo3
269	0.004287734648978656	ChIP-exo3
270	0.00423653976489592	ChIP-exo3
271	0.004249532136741646	ChIP-exo3
272	0.004142906387628663	ChIP-exo3
273	0.004091494875064502	ChIP-exo3
274	0.004113810149923051	ChIP-exo3
275	0.004036137852458132	ChIP-exo3
276	0.004000233798539636	ChIP-exo3
277	0.0039373458957929625	ChIP-exo3
278	0.003905585133217314	ChIP-exo3
279	0.003829845893363014	ChIP-exo3
280	0.0036937377765325374	ChIP-exo3
281	0.0037350131344824782	ChIP-exo3
282	0.0036655591569994973	ChIP-exo3
283	0.0036640699989150677	ChIP-exo3
284	0.0035940663742125346	ChIP-exo3
285	0.0036614867810740737	ChIP-exo3
286	0.003597001493529031	ChIP-exo3
287	0.0036361481718270865	ChIP-exo3
288	0.003565225536786107	ChIP-exo3
289	0.0035694722587746664	ChIP-exo3
290	0.00348634981699033	ChIP-exo3
291	0.0035217611790076334	ChIP-exo3
292	0.0035434652474176927	ChIP-exo3
293	0.0036589520412907374	ChIP-exo3
294	0.003715242784054083	ChIP-exo3
295	0.0035794286955476177	ChIP-exo3
296	0.003646685023979451	ChIP-exo3
297	0.003661788277468132	ChIP-exo3
298	0.0036330799134521204	ChIP-exo3
299	0.0036044140255695996	ChIP-exo3
300	0.0035590903377663635	ChIP-exo3
1	0.0076592348882911715	ChIP-seq1
2	0.007907047010921979	ChIP-seq1
3	0.008114990919074751	ChIP-seq1
4	0.008614762362275031	ChIP-seq1
5	0.008557004858116756	ChIP-seq1
6	0.00905143430558387	ChIP-seq1
7	0.009332697200761558	ChIP-seq1
8	0.009304290010369467	ChIP-seq1
9	0.009404307109634599	ChIP-seq1
10	0.009787821801075808	ChIP-seq1
11	0.01001892999809505	ChIP-seq1
12	0.010508238065341936	ChIP-seq1
13	0.011012766913810791	ChIP-seq1
14	0.01132549133565464	ChIP-seq1
15	0.011533742490849359	ChIP-seq1
16	0.011696537621085613	ChIP-seq1
17	0.012472382686516563	ChIP-seq1
18	0.012914762802866485	ChIP-seq1
19	0.013423879995026608	ChIP-seq1
20	0.014319573200925768	ChIP-seq1
21	0.014788814522665996	ChIP-seq1
22	0.015183526271479729	ChIP-seq1
23	0.015948185154137734	ChIP-seq1
24	0.01649333744396191	ChIP-seq1
25	0.017100704877437423	ChIP-seq1
26	0.01800702897618676	ChIP-seq1
27	0.018764845661442667	ChIP-seq1
28	0.019671721451665753	ChIP-seq1
29	0.020658294447887218	ChIP-seq1
30	0.021103263566851525	ChIP-seq1
31	0.02213214227302918	ChIP-seq1
32	0.02329852866356302	ChIP-seq1
33	0.024001356637131196	ChIP-seq1
34	0.02511831050045819	ChIP-seq1
35	0.026754984932337397	ChIP-seq1
36	0.025484810276885556	ChIP-seq1
37	0.02470854447755435	ChIP-seq1
38	0.024261477482767628	ChIP-seq1
39	0.02400948042964103	ChIP-seq1
40	0.023806379307045798	ChIP-seq1
41	0.02348845000529491	ChIP-seq1
42	0.02355185101232115	ChIP-seq1
43	0.02341353323776935	ChIP-seq1
44	0.023273639226946533	ChIP-seq1
45	0.023082519498446172	ChIP-seq1
46	0.023202634705871767	ChIP-seq1
47	0.023506794504988576	ChIP-seq1
48	0.02320709265904512	ChIP-seq1
49	0.023340397820692343	ChIP-seq1
50	0.02321096352259891	ChIP-seq1
51	0.023340670211767167	ChIP-seq1
52	0.023419218374556745	ChIP-seq1
53	0.023622904576213643	ChIP-seq1
54	0.023693458988912872	ChIP-seq1
55	0.023743979079219102	ChIP-seq1
56	0.023867998975704196	ChIP-seq1
57	0.024052284924402107	ChIP-seq1
58	0.024080484696784785	ChIP-seq1
59	0.024110624086667306	ChIP-seq1
60	0.024456015876263754	ChIP-seq1
61	0.02511669376441116	ChIP-seq1
62	0.024834025030863984	ChIP-seq1
63	0.025029492243256304	ChIP-seq1
64	0.02528708735431531	ChIP-seq1
65	0.025406020616966025	ChIP-seq1
66	0.02575834765326436	ChIP-seq1
67	0.02614195483430368	ChIP-seq1
68	0.026258053146775682	ChIP-seq1
69	0.026801728454146155	ChIP-seq1
70	0.02699136881606268	ChIP-seq1
71	0.027320707929564685	ChIP-seq1
72	0.027528207560550768	ChIP-seq1
73	0.028121698146956205	ChIP-seq1
74	0.028526384230895246	ChIP-seq1
75	0.029065218398249385	ChIP-seq1
76	0.029305171681970974	ChIP-seq1
77	0.029627453797766833	ChIP-seq1
78	0.03014738508552011	ChIP-seq1
79	0.030140629709882072	ChIP-seq1
80	0.030466591618037962	ChIP-seq1
81	0.031105574172694904	ChIP-seq1
82	0.030984510341493517	ChIP-seq1
83	0.031620109458687234	ChIP-seq1
84	0.03188307551924857	ChIP-seq1
85	0.03203513115896262	ChIP-seq1
86	0.03221911897877712	ChIP-seq1
87	0.032532247385577716	ChIP-seq1
88	0.032581677618249975	ChIP-seq1
89	0.033004644342019294	ChIP-seq1
90	0.0330057344888061	ChIP-seq1
91	0.0334578856625868	ChIP-seq1
92	0.03345391123849323	ChIP-seq1
93	0.033775986620751645	ChIP-seq1
94	0.03382101559544689	ChIP-seq1
95	0.03447007580981912	ChIP-seq1
96	0.034681916417491	ChIP-seq1
97	0.03495325077652721	ChIP-seq1
98	0.03583129882463652	ChIP-seq1
99	0.035919584451412453	ChIP-seq1
100	0.03579673577819147	ChIP-seq1
101	0.036146079977657675	ChIP-seq1
102	0.03658247062823503	ChIP-seq1
103	0.036838204491617246	ChIP-seq1
104	0.036948555424739946	ChIP-seq1
105	0.03709264302648059	ChIP-seq1
106	0.0373186064247319	ChIP-seq1
107	0.037516282669093126	ChIP-seq1
108	0.03784782651042868	ChIP-seq1
109	0.03804342206321199	ChIP-seq1
110	0.03830182920103418	ChIP-seq1
111	0.038436110993151404	ChIP-seq1
112	0.03848282263935242	ChIP-seq1
113	0.038668320519181947	ChIP-seq1
114	0.03811219515093743	ChIP-seq1
115	0.03830502210572741	ChIP-seq1
116	0.03870206557587612	ChIP-seq1
117	0.03858548195988874	ChIP-seq1
118	0.038860982978627	ChIP-seq1
119	0.03907755243226462	ChIP-seq1
120	0.03899347062043051	ChIP-seq1
121	0.038790576578777214	ChIP-seq1
122	0.038979696678520706	ChIP-seq1
123	0.03865637533251054	ChIP-seq1
124	0.038858244141477837	ChIP-seq1
125	0.03873566563426574	ChIP-seq1
126	0.03891016612249918	ChIP-seq1
127	0.03902672376037016	ChIP-seq1
128	0.03898216421582196	ChIP-seq1
129	0.03889149282508252	ChIP-seq1
130	0.038905171793926184	ChIP-seq1
131	0.038926015844737025	ChIP-seq1
132	0.03885781781506884	ChIP-seq1
133	0.03887766955902535	ChIP-seq1
134	0.03880728313855438	ChIP-seq1
135	0.03876230799328749	ChIP-seq1
136	0.038696693782943326	ChIP-seq1
137	0.038606492854256144	ChIP-seq1
138	0.03866368907773509	ChIP-seq1
139	0.038644961286622065	ChIP-seq1
140	0.03843973864738124	ChIP-seq1
141	0.0388428776589228	ChIP-seq1
142	0.03864955554650863	ChIP-seq1
143	0.038735490478470226	ChIP-seq1
144	0.03863196806745774	ChIP-seq1
145	0.038476333084225475	ChIP-seq1
146	0.0378505885752217	ChIP-seq1
147	0.03781227936845811	ChIP-seq1
148	0.03807000874525295	ChIP-seq1
149	0.03808652834176169	ChIP-seq1
150	0.0378671568790684	ChIP-seq1
151	0.03791762354017084	ChIP-seq1
152	0.037721036383877034	ChIP-seq1
153	0.03739840128260757	ChIP-seq1
154	0.037448527973257206	ChIP-seq1
155	0.03732182018461364	ChIP-seq1
156	0.036945535332098926	ChIP-seq1
157	0.03715632867997335	ChIP-seq1
158	0.036970050775402184	ChIP-seq1
159	0.036685949805013336	ChIP-seq1
160	0.03630176141510383	ChIP-seq1
161	0.03638075537882757	ChIP-seq1
162	0.036448917256138615	ChIP-seq1
163	0.03580186029872969	ChIP-seq1
164	0.03603104730114998	ChIP-seq1
165	0.03548842259327869	ChIP-seq1
166	0.03537607294062061	ChIP-seq1
167	0.03501334530310321	ChIP-seq1
168	0.03477224404535025	ChIP-seq1
169	0.034603911103882695	ChIP-seq1
170	0.034476641695393655	ChIP-seq1
171	0.03424367791028427	ChIP-seq1
172	0.03387159459795528	ChIP-seq1
173	0.03393859336610002	ChIP-seq1
174	0.03389153039849757	ChIP-seq1
175	0.0333902471210056	ChIP-seq1
176	0.033025192491860034	ChIP-seq1
177	0.03284394265844932	ChIP-seq1
178	0.03282571945568124	ChIP-seq1
179	0.03224297182950807	ChIP-seq1
180	0.031928703118199536	ChIP-seq1
181	0.03170093211332205	ChIP-seq1
182	0.03172842182133363	ChIP-seq1
183	0.031245615266401804	ChIP-seq1
184	0.031137882884816153	ChIP-seq1
185	0.03085938809610376	ChIP-seq1
186	0.03074325858243257	ChIP-seq1
187	0.03075293799861007	ChIP-seq1
188	0.03044061554712393	ChIP-seq1
189	0.03037274486420356	ChIP-seq1
190	0.029873596148862043	ChIP-seq1
191	0.029744463590351815	ChIP-seq1
192	0.029680520854678448	ChIP-seq1
193	0.029490070488941065	ChIP-seq1
194	0.029254505428216167	ChIP-seq1
195	0.029133250603647295	ChIP-seq1
196	0.02896591981046496	ChIP-seq1
197	0.02879921361652542	ChIP-seq1
198	0.02874252993348036	ChIP-seq1
199	0.0286167512788932	ChIP-seq1
200	0.02835843438879427	ChIP-seq1
201	0.028207666309103874	ChIP-seq1
202	0.027981336646134527	ChIP-seq1
203	0.027893575388518697	ChIP-seq1
204	0.027595049923042268	ChIP-seq1
205	0.027333827991562944	ChIP-seq1
206	0.02731135032486702	ChIP-seq1
207	0.02708829862695931	ChIP-seq1
208	0.026879166406997897	ChIP-seq1
209	0.0266973780405961	ChIP-seq1
210	0.02645969271918138	ChIP-seq1
211	0.02632709414485264	ChIP-seq1
212	0.0261475804007443	ChIP-seq1
213	0.025823263314636125	ChIP-seq1
214	0.025725532427672677	ChIP-seq1
215	0.02541007454118753	ChIP-seq1
216	0.02508120063678884	ChIP-seq1
217	0.02509383183884241	ChIP-seq1
218	0.024977730812778615	ChIP-seq1
219	0.024544055006657507	ChIP-seq1
220	0.02477585045333215	ChIP-seq1
221	0.024532895109763638	ChIP-seq1
222	0.023851801846714666	ChIP-seq1
223	0.02386382487838709	ChIP-seq1
224	0.023401156820538553	ChIP-seq1
225	0.02324277484374559	ChIP-seq1
226	0.02291446417690749	ChIP-seq1
227	0.022913164257989664	ChIP-seq1
228	0.02272637693398932	ChIP-seq1
229	0.022436583616591295	ChIP-seq1
230	0.02201512920508224	ChIP-seq1
231	0.021485532596683777	ChIP-seq1
232	0.021217817544534678	ChIP-seq1
233	0.02091084235971031	ChIP-seq1
234	0.020935752330736874	ChIP-seq1
235	0.020769423612563783	ChIP-seq1
236	0.02039404687154044	ChIP-seq1
237	0.020015374465541785	ChIP-seq1
238	0.01957411305236098	ChIP-seq1
239	0.019393761396733503	ChIP-seq1
240	0.018966628920807242	ChIP-seq1
241	0.0187634951066979	ChIP-seq1
242	0.01874588230772028	ChIP-seq1
243	0.018499352775626098	ChIP-seq1
244	0.01792387272934161	ChIP-seq1
245	0.017795118144863873	ChIP-seq1
246	0.017616429687339376	ChIP-seq1
247	0.017007629996134848	ChIP-seq1
248	0.017106607773575134	ChIP-seq1
249	0.016971291499009868	ChIP-seq1
250	0.01669614761018941	ChIP-seq1
251	0.016487298407518614	ChIP-seq1
252	0.0162627945327987	ChIP-seq1
253	0.01590529198645026	ChIP-seq1
254	0.015662857213203315	ChIP-seq1
255	0.015597794477798329	ChIP-seq1
256	0.015422355104251537	ChIP-seq1
257	0.015537954496794727	ChIP-seq1
258	0.015367036110550986	ChIP-seq1
259	0.015119104215090568	ChIP-seq1
260	0.014783929443767954	ChIP-seq1
261	0.01451640795800952	ChIP-seq1
262	0.01446568487362447	ChIP-seq1
263	0.01430871475437963	ChIP-seq1
264	0.014167372076941197	ChIP-seq1
265	0.014044096917837789	ChIP-seq1
266	0.01382054899198392	ChIP-seq1
267	0.013694096572424144	ChIP-seq1
268	0.01355919853936881	ChIP-seq1
269	0.013525832157695851	ChIP-seq1
270	0.013611550164896251	ChIP-seq1
271	0.013352444064221689	ChIP-seq1
272	0.013121471715352972	ChIP-seq1
273	0.01311116617952284	ChIP-seq1
274	0.012625533630858986	ChIP-seq1
275	0.012449002111961292	ChIP-seq1
276	0.012071151546082686	ChIP-seq1
277	0.011932472817759748	ChIP-seq1
278	0.011737280609725653	ChIP-seq1
279	0.01163780445173681	ChIP-seq1
280	0.011386596231819984	ChIP-seq1
281	0.011132933527592185	ChIP-seq1
282	0.010930214506931202	ChIP-seq1
283	0.010792141873878162	ChIP-seq1
284	0.010673562960405912	ChIP-seq1
285	0.010343763204169187	ChIP-seq1
286	0.010331210959728167	ChIP-seq1
287	0.0099451283328567	ChIP-seq1
288	0.009809507731694062	ChIP-seq1
289	0.009526874159079783	ChIP-seq1
290	0.009308276358825238	ChIP-seq1
291	0.009197553112122418	ChIP-seq1
292	0.009016088487876842	ChIP-seq1
293	0.00905206495085143	ChIP-seq1
294	0.008808076885623885	ChIP-seq1
295	0.008711500748935112	ChIP-seq1
296	0.008455997353664256	ChIP-seq1
297	0.008577621844058095	ChIP-seq1
298	0.008519022140000948	ChIP-seq1
299	0.008363891830827056	ChIP-seq1
300	0.008297485179721861	ChIP-seq1
1	0.029498944709210953	ChIP-seq2
2	0.029890800453356712	ChIP-seq2
3	0.03130203232410393	ChIP-seq2
4	0.03255820935699421	ChIP-seq2
5	0.03328282724693608	ChIP-seq2
6	0.034455142457374195	ChIP-seq2
7	0.03537287887007938	ChIP-seq2
8	0.03659990221025583	ChIP-seq2
9	0.037688987627136766	ChIP-seq2
10	0.03905343177997289	ChIP-seq2
11	0.03996458259662551	ChIP-seq2
12	0.04149207552094167	ChIP-seq2
13	0.042470622052972085	ChIP-seq2
14	0.043764017388635036	ChIP-seq2
15	0.04497070015904698	ChIP-seq2
16	0.04648621116335394	ChIP-seq2
17	0.04798931100002105	ChIP-seq2
18	0.049292220705349034	ChIP-seq2
19	0.05081187300670262	ChIP-seq2
20	0.05239008087735314	ChIP-seq2
21	0.05413738105144414	ChIP-seq2
22	0.05559866677870247	ChIP-seq2
23	0.05760168744653169	ChIP-seq2
24	0.05895005406087131	ChIP-seq2
25	0.06119955754803481	ChIP-seq2
26	0.06334049215412298	ChIP-seq2
27	0.06545655619629612	ChIP-seq2
28	0.06773450452643003	ChIP-seq2
29	0.07003788262323996	ChIP-seq2
30	0.07207072544853292	ChIP-seq2
31	0.07442119627327275	ChIP-seq2
32	0.07671543606565692	ChIP-seq2
33	0.07936896809858263	ChIP-seq2
34	0.08258372486345149	ChIP-seq2
35	0.08563547806033671	ChIP-seq2
36	0.08423268834092368	ChIP-seq2
37	0.08368753157972941	ChIP-seq2
38	0.08350441644583874	ChIP-seq2
39	0.08355404358612199	ChIP-seq2
40	0.08373682308887782	ChIP-seq2
41	0.08428711041548055	ChIP-seq2
42	0.08451720190383061	ChIP-seq2
43	0.08465188261407573	ChIP-seq2
44	0.0851332339034501	ChIP-seq2
45	0.08539125391760832	ChIP-seq2
46	0.08541826961521504	ChIP-seq2
47	0.08576531701592247	ChIP-seq2
48	0.08597288997794911	ChIP-seq2
49	0.08659490474416862	ChIP-seq2
50	0.08692074448052559	ChIP-seq2
51	0.08688344246965543	ChIP-seq2
52	0.08747653038645208	ChIP-seq2
53	0.08777010200857856	ChIP-seq2
54	0.08813241142995058	ChIP-seq2
55	0.08843647798041948	ChIP-seq2
56	0.08886897922033304	ChIP-seq2
57	0.08905322001073185	ChIP-seq2
58	0.0897393276246049	ChIP-seq2
59	0.08962043412675806	ChIP-seq2
60	0.0901846126733708	ChIP-seq2
61	0.09067664652229712	ChIP-seq2
62	0.09103550923516063	ChIP-seq2
63	0.09162361889809063	ChIP-seq2
64	0.091680559188611635	ChIP-seq2
65	0.09232029147979409	ChIP-seq2
66	0.09262281709173832	ChIP-seq2
67	0.09262692730768485	ChIP-seq2
68	0.09308732182008975	ChIP-seq2
69	0.09356512092763755	ChIP-seq2
70	0.09368231166608641	ChIP-seq2
71	0.09424237163958787	ChIP-seq2
72	0.09434074870050937	ChIP-seq2
73	0.09503849441857051	ChIP-seq2
74	0.09556371396311433	ChIP-seq2
75	0.09618531375555826	ChIP-seq2
76	0.09636483109417575	ChIP-seq2
77	0.09680157617909434	ChIP-seq2
78	0.0972371742133299	ChIP-seq2
79	0.09734854266049636	ChIP-seq2
80	0.0976844541639381	ChIP-seq2
81	0.09793706882079235	ChIP-seq2
82	0.09827129138186991	ChIP-seq2
83	0.0985214883780583	ChIP-seq2
84	0.09833943160036952	ChIP-seq2
85	0.09841089369817739	ChIP-seq2
86	0.09842964002978406	ChIP-seq2
87	0.09874700966191062	ChIP-seq2
88	0.09853884970738175	ChIP-seq2
89	0.09873139570874233	ChIP-seq2
90	0.09819607421626642	ChIP-seq2
91	0.09826909087727953	ChIP-seq2
92	0.0980983044104328	ChIP-seq2
93	0.09783691796085218	ChIP-seq2
94	0.09851087617223839	ChIP-seq2
95	0.09848045241484173	ChIP-seq2
96	0.09839372206083608	ChIP-seq2
97	0.09844727301609105	ChIP-seq2
98	0.09844309106123657	ChIP-seq2
99	0.09831785889578715	ChIP-seq2
100	0.09822105503832082	ChIP-seq2
101	0.09789889734680018	ChIP-seq2
102	0.09773525871301367	ChIP-seq2
103	0.09791955425594322	ChIP-seq2
104	0.09768324527929907	ChIP-seq2
105	0.09764518229759309	ChIP-seq2
106	0.0973426858539575	ChIP-seq2
107	0.09699325524672152	ChIP-seq2
108	0.09700084178326883	ChIP-seq2
109	0.09657731533239514	ChIP-seq2
110	0.09618062828392193	ChIP-seq2
111	0.09588811087831763	ChIP-seq2
112	0.09556379093375696	ChIP-seq2
113	0.09537614016152834	ChIP-seq2
114	0.09466623240973222	ChIP-seq2
115	0.09441844132752615	ChIP-seq2
116	0.09394491884304249	ChIP-seq2
117	0.09355934654030944	ChIP-seq2
118	0.09328394684016195	ChIP-seq2
119	0.09283311987760982	ChIP-seq2
120	0.09212984453962741	ChIP-seq2
121	0.09184832997534942	ChIP-seq2
122	0.09167294427400065	ChIP-seq2
123	0.0908046371553041	ChIP-seq2
124	0.09029253979202354	ChIP-seq2
125	0.08984085240454806	ChIP-seq2
126	0.0896477645507425	ChIP-seq2
127	0.08894862336012836	ChIP-seq2
128	0.08867494446758807	ChIP-seq2
129	0.08807818480564843	ChIP-seq2
130	0.08788644026802325	ChIP-seq2
131	0.08749857169731064	ChIP-seq2
132	0.08709950932759568	ChIP-seq2
133	0.08648824175966417	ChIP-seq2
134	0.08593300285158346	ChIP-seq2
135	0.08559956765455966	ChIP-seq2
136	0.08513712016700827	ChIP-seq2
137	0.08452789265492755	ChIP-seq2
138	0.08416920277450568	ChIP-seq2
139	0.08368546585449724	ChIP-seq2
140	0.08320871319737731	ChIP-seq2
141	0.08313779568077041	ChIP-seq2
142	0.08249892024226943	ChIP-seq2
143	0.08189142999934333	ChIP-seq2
144	0.08168225403349974	ChIP-seq2
145	0.08120198854890669	ChIP-seq2
146	0.0801859757062006	ChIP-seq2
147	0.07959701708214836	ChIP-seq2
148	0.07885518034318827	ChIP-seq2
149	0.07839219362914333	ChIP-seq2
150	0.07774279602453629	ChIP-seq2
151	0.077101033499348	ChIP-seq2
152	0.07650434633770978	ChIP-seq2
153	0.07622891459446642	ChIP-seq2
154	0.07582744890118069	ChIP-seq2
155	0.07537176748743168	ChIP-seq2
156	0.07481902894959908	ChIP-seq2
157	0.07425647289782442	ChIP-seq2
158	0.0734147073381777	ChIP-seq2
159	0.07304564833419404	ChIP-seq2
160	0.07245095817019852	ChIP-seq2
161	0.0718954753533564	ChIP-seq2
162	0.07140803345654267	ChIP-seq2
163	0.07079039765959336	ChIP-seq2
164	0.07011735872325987	ChIP-seq2
165	0.06988026120111285	ChIP-seq2
166	0.06914170759757031	ChIP-seq2
167	0.06835847478454585	ChIP-seq2
168	0.06791404130245594	ChIP-seq2
169	0.06729642510421183	ChIP-seq2
170	0.06683700290440832	ChIP-seq2
171	0.06612475942203452	ChIP-seq2
172	0.06558789630651195	ChIP-seq2
173	0.06509115996965997	ChIP-seq2
174	0.0643683794603714	ChIP-seq2
175	0.06372723151876525	ChIP-seq2
176	0.06295224742412281	ChIP-seq2
177	0.062298458072518235	ChIP-seq2
178	0.061964911284075455	ChIP-seq2
179	0.060912635519995074	ChIP-seq2
180	0.06023248805579278	ChIP-seq2
181	0.05966531148617417	ChIP-seq2
182	0.05875975933222411	ChIP-seq2
183	0.05843667167555568	ChIP-seq2
184	0.05774507133046242	ChIP-seq2
185	0.05767918053826868	ChIP-seq2
186	0.057358003978917826	ChIP-seq2
187	0.056523848584292206	ChIP-seq2
188	0.056080194816829985	ChIP-seq2
189	0.05594186086383417	ChIP-seq2
190	0.05532840145569746	ChIP-seq2
191	0.05533872815143376	ChIP-seq2
192	0.0547872315677718	ChIP-seq2
193	0.054434270306106786	ChIP-seq2
194	0.05391271880034534	ChIP-seq2
195	0.05372843790708662	ChIP-seq2
196	0.05321152270160426	ChIP-seq2
197	0.053032766298193285	ChIP-seq2
198	0.052678945934185484	ChIP-seq2
199	0.05238989449989133	ChIP-seq2
200	0.05184463469410032	ChIP-seq2
201	0.05159384319309585	ChIP-seq2
202	0.051038687761777904	ChIP-seq2
203	0.05066570784160198	ChIP-seq2
204	0.05028720290570881	ChIP-seq2
205	0.049856298952682745	ChIP-seq2
206	0.04938834566476241	ChIP-seq2
207	0.048582302338198505	ChIP-seq2
208	0.048214636650706647	ChIP-seq2
209	0.04760845181314644	ChIP-seq2
210	0.047156984117366595	ChIP-seq2
211	0.04648478765476911	ChIP-seq2
212	0.04599862358471949	ChIP-seq2
213	0.045667917418522934	ChIP-seq2
214	0.04523869590598434	ChIP-seq2
215	0.04477514164894705	ChIP-seq2
216	0.04424396093571253	ChIP-seq2
217	0.043879035302097844	ChIP-seq2
218	0.04332022195874382	ChIP-seq2
219	0.04279208768137507	ChIP-seq2
220	0.04234814433031889	ChIP-seq2
221	0.04167915983591212	ChIP-seq2
222	0.04099193972827442	ChIP-seq2
223	0.04089966135641158	ChIP-seq2
224	0.040050802850664306	ChIP-seq2
225	0.03939692715176014	ChIP-seq2
226	0.039051422503973816	ChIP-seq2
227	0.03865519958231729	ChIP-seq2
228	0.03814396219023424	ChIP-seq2
229	0.03736506375407097	ChIP-seq2
230	0.03694576419543326	ChIP-seq2
231	0.036421164665573026	ChIP-seq2
232	0.03588636873317418	ChIP-seq2
233	0.03536347719454992	ChIP-seq2
234	0.03478839658483942	ChIP-seq2
235	0.03397164830379424	ChIP-seq2
236	0.033728884881317686	ChIP-seq2
237	0.03326123135723526	ChIP-seq2
238	0.03282412876131756	ChIP-seq2
239	0.03262263769713884	ChIP-seq2
240	0.03225023584489288	ChIP-seq2
241	0.03175664545392403	ChIP-seq2
242	0.03160518023175076	ChIP-seq2
243	0.031248340149588556	ChIP-seq2
244	0.030837431699271247	ChIP-seq2
245	0.03042014415457683	ChIP-seq2
246	0.030105753793810856	ChIP-seq2
247	0.02966315958497846	ChIP-seq2
248	0.029507135026465414	ChIP-seq2
249	0.02910646356637269	ChIP-seq2
250	0.029047373411402396	ChIP-seq2
251	0.028747458850822347	ChIP-seq2
252	0.028509010123784668	ChIP-seq2
253	0.02827612942899767	ChIP-seq2
254	0.02788044434153514	ChIP-seq2
255	0.027459993367738227	ChIP-seq2
256	0.027462182602309173	ChIP-seq2
257	0.02717127320389382	ChIP-seq2
258	0.026779933263289448	ChIP-seq2
259	0.02649879068490368	ChIP-seq2
260	0.02615438206740587	ChIP-seq2
261	0.02613262274340877	ChIP-seq2
262	0.025709796814989496	ChIP-seq2
263	0.025577450102481452	ChIP-seq2
264	0.025605921305616033	ChIP-seq2
265	0.02543947997952306	ChIP-seq2
266	0.02524267252940617	ChIP-seq2
267	0.024965478450375934	ChIP-seq2
268	0.024616024829230015	ChIP-seq2
269	0.02450899203542991	ChIP-seq2
270	0.024284526073026204	ChIP-seq2
271	0.023942418177101462	ChIP-seq2
272	0.02368497956148204	ChIP-seq2
273	0.023326718033844705	ChIP-seq2
274	0.022991786996482376	ChIP-seq2
275	0.02252400323690816	ChIP-seq2
276	0.022057308328939984	ChIP-seq2
277	0.02176070343783774	ChIP-seq2
278	0.021229178068344626	ChIP-seq2
279	0.020822166797478333	ChIP-seq2
280	0.020567760863374623	ChIP-seq2
281	0.020259713083166857	ChIP-seq2
282	0.019719530059665265	ChIP-seq2
283	0.01939956653647162	ChIP-seq2
284	0.019206597766810912	ChIP-seq2
285	0.018733922958622255	ChIP-seq2
286	0.018393743302563943	ChIP-seq2
287	0.018068278046304388	ChIP-seq2
288	0.017692786281676923	ChIP-seq2
289	0.017366251701689036	ChIP-seq2
290	0.016997743483491486	ChIP-seq2
291	0.01667628407263831	ChIP-seq2
292	0.01651753010130791	ChIP-seq2
293	0.01616245854205857	ChIP-seq2
294	0.016033854753201918	ChIP-seq2
295	0.015824025534048318	ChIP-seq2
296	0.015597431582777661	ChIP-seq2
297	0.015443486575773383	ChIP-seq2
298	0.015288232719555588	ChIP-seq2
299	0.015083485366566724	ChIP-seq2
300	0.014980379298355578	ChIP-seq2
